customerID,gender,SeniorCitizen,Partner,Dependents,tenure,PhoneService,InternetService,Contract,PaymentMethod,MonthlyCharges,TotalCharges,Churn
aebe20f2,Male,0,Yes,Yes,15,Yes,DSL,Month-to-month,Electronic check,22.5,292.51,No
567c40be,Female,0,Yes,Yes,30,No,No,Month-to-month,Credit card,70.54,2021.51,Yes
5dd67b8c,Female,1,No,Yes,44,No,DSL,One year,Electronic check,47.79,2045.82,Yes
8a3c2deb,Male,1,Yes,Yes,69,No,No,Month-to-month,Bank transfer,32.48,2325.58,No
c38dc282,Female,1,Yes,No,11,Yes,Fiber optic,One year,Credit card,105.53,1234.13,Yes
34bdd0d0,Male,0,Yes,Yes,22,No,Fiber optic,One year,Bank transfer,73.41,1563.98,No
3507c8fb,Female,0,No,Yes,52,No,No,Two year,Bank transfer,46.77,2374.24,No
b9332dea,Male,1,No,Yes,18,Yes,No,One year,Credit card,44.66,816.15,No
7acc2a03,Female,1,No,Yes,15,Yes,Fiber optic,Two year,Electronic check,35.28,461.2,No
c98153dd,Male,1,No,Yes,69,Yes,DSL,One year,Bank transfer,95.09,6614.93,Yes
8213378c,Male,0,No,No,39,Yes,DSL,Month-to-month,Bank transfer,104.17,4064.16,Yes
55c56986,Male,0,Yes,No,15,Yes,DSL,One year,Electronic check,112.91,1769.39,No
297acc65,Female,1,Yes,Yes,69,No,No,One year,Mailed check,96.58,6589.7,No
e58f5f59,Male,0,No,Yes,52,Yes,No,One year,Credit card,119.51,6244.5,Yes
5111dff6,Male,0,Yes,No,29,No,DSL,Month-to-month,Electronic check,20.72,642.45,No
c301f4f6,Female,0,Yes,Yes,28,Yes,No,Two year,Credit card,73.92,2114.43,No
3b4734ff,Female,0,Yes,Yes,56,Yes,DSL,Two year,Electronic check,55.43,3086.3,No
570ac1e6,Male,0,No,Yes,25,Yes,Fiber optic,Month-to-month,Credit card,73.63,1768.79,No
26512a08,Female,1,Yes,Yes,70,No,DSL,Month-to-month,Credit card,103.6,7345.8,Yes
10af62cb,Female,1,Yes,Yes,1,Yes,Fiber optic,One year,Credit card,118.53,71.57,Yes
d0d7429a,Male,0,Yes,Yes,41,Yes,No,Two year,Mailed check,25.72,1071.36,No
3a74f470,Female,0,No,Yes,31,No,DSL,Two year,Electronic check,60.38,1960.1,No
80fb2321,Male,1,Yes,No,31,Yes,Fiber optic,Two year,Credit card,46.56,1369.54,No
24ef78d2,Male,0,No,No,10,Yes,Fiber optic,Month-to-month,Electronic check,73.76,738.78,Yes
2e51ae64,Male,0,No,No,71,Yes,Fiber optic,Month-to-month,Electronic check,49.94,3578.42,No
65b17bda,Male,1,Yes,No,44,No,No,One year,Credit card,40.36,1802.69,No
f6ec29be,Female,1,Yes,Yes,6,Yes,Fiber optic,Two year,Mailed check,20.35,176.32,No
e2fce811,Female,1,No,Yes,20,No,No,Two year,Mailed check,74.56,1558.12,Yes
1246f06e,Male,0,Yes,Yes,27,No,No,One year,Credit card,88.21,2415.06,No
db63368f,Male,1,No,Yes,4,No,No,One year,Mailed check,37.94,236.66,Yes
06aafd6b,Male,0,No,No,29,No,Fiber optic,One year,Mailed check,39.96,1242.53,Yes
0a5b37df,Male,1,No,Yes,9,No,No,Two year,Credit card,116.69,1006.03,No
8e2eb464,Male,0,No,Yes,5,No,Fiber optic,Two year,Credit card,30.84,141.11,Yes
3f285339,Female,1,No,Yes,1,No,No,Two year,Mailed check,71.99,133.29,No
efda8dc0,Female,0,Yes,No,65,No,No,One year,Bank transfer,50.93,3292.13,Yes
3238fb15,Male,1,No,Yes,71,Yes,Fiber optic,Month-to-month,Bank transfer,103.37,7300.04,Yes
37417373,Male,1,Yes,Yes,37,Yes,DSL,One year,Mailed check,71.55,2673.94,No
2680b5ed,Female,0,No,No,32,Yes,Fiber optic,Month-to-month,Credit card,118.39,3810.73,Yes
1bbafd92,Female,0,Yes,Yes,19,Yes,Fiber optic,Month-to-month,Mailed check,85.61,1527.7,No
010a5361,Female,1,No,Yes,59,No,No,Two year,Bank transfer,33.33,1959.4,No
8d3db6ec,Male,0,No,Yes,58,No,Fiber optic,Two year,Credit card,45.92,2612.81,Yes
03496aa9,Male,1,Yes,No,43,No,DSL,Month-to-month,Mailed check,51.97,2242.74,No
e97c8e5f,Female,0,No,Yes,43,No,Fiber optic,Month-to-month,Credit card,74.26,3176.33,No
622f0199,Female,1,No,Yes,39,No,No,One year,Mailed check,95.35,3789.34,Yes
7caecae8,Male,0,No,Yes,44,Yes,DSL,Two year,Credit card,86.89,3882.79,No
cd0ceef0,Female,1,No,No,55,No,Fiber optic,Month-to-month,Credit card,33.57,1838.69,Yes
aae79195,Male,1,Yes,Yes,54,Yes,No,Month-to-month,Electronic check,45.23,2358.8,Yes
6aa62f9f,Male,0,No,No,26,No,DSL,Month-to-month,Credit card,103.92,2726.19,Yes
14397fcc,Male,1,No,No,22,No,DSL,Two year,Mailed check,80.59,1865.73,Yes
32d19ac4,Male,1,Yes,No,26,No,DSL,Two year,Electronic check,27.6,755.72,No
f4674c69,Female,0,No,Yes,48,No,Fiber optic,Month-to-month,Credit card,26.9,1320.71,Yes
e4a52787,Female,1,No,Yes,23,Yes,No,One year,Credit card,93.38,2240.83,No
24dfa60b,Female,1,Yes,No,36,Yes,No,One year,Credit card,108.16,3842.53,Yes
1e99a2a2,Male,0,Yes,Yes,46,No,No,Two year,Bank transfer,99.78,4557.95,No
e0ca98f7,Male,1,No,Yes,63,No,No,One year,Credit card,75.52,4705.82,No
73debf42,Female,1,No,No,32,No,No,One year,Bank transfer,50.62,1636.15,No
18887b2c,Female,0,No,No,40,Yes,Fiber optic,Month-to-month,Electronic check,45.14,1729.73,Yes
7af629c8,Male,1,No,Yes,25,No,DSL,One year,Mailed check,49.62,1212.68,Yes
c4bef7e4,Male,1,No,No,14,Yes,Fiber optic,One year,Credit card,107.27,1516.59,Yes
3c76a590,Female,0,Yes,Yes,9,Yes,No,Two year,Electronic check,60.07,455.45,Yes
d17f17e4,Female,1,No,No,72,Yes,DSL,Two year,Credit card,96.44,6964.94,No
d648d353,Male,0,Yes,Yes,13,No,Fiber optic,Month-to-month,Electronic check,114.76,1433.44,Yes
57633193,Female,1,Yes,Yes,58,No,DSL,Month-to-month,Bank transfer,88.94,5152.5,No
643adb81,Male,0,No,No,26,No,DSL,Two year,Bank transfer,62.51,1634.17,Yes
304929b3,Male,1,No,No,16,No,Fiber optic,One year,Credit card,66.87,1030.74,Yes
3e29046e,Male,1,No,No,4,No,No,Two year,Electronic check,29.13,208.9,No
871535b8,Female,1,Yes,Yes,24,No,DSL,One year,Credit card,119.69,2859.74,No
c12619ce,Female,1,No,Yes,53,No,No,One year,Electronic check,89.37,4694.25,Yes
fd0afb98,Female,0,No,No,66,Yes,Fiber optic,Two year,Credit card,102.49,6664.57,Yes
1a518aab,Male,0,Yes,No,27,Yes,Fiber optic,One year,Credit card,46.71,1187.37,Yes
73ed3afd,Female,0,No,No,71,No,Fiber optic,Month-to-month,Electronic check,60.8,4261.74,Yes
fd0f7dbf,Female,0,No,No,61,Yes,DSL,One year,Mailed check,44.37,2716.82,No
76b6f469,Female,0,No,No,37,No,No,Two year,Credit card,92.61,3494.07,No
2be262e4,Female,0,Yes,No,59,No,DSL,Two year,Credit card,113.29,6758.03,No
074b8ea1,Female,0,Yes,No,49,Yes,DSL,Two year,Credit card,58.61,2904.63,Yes
ab31c6b9,Female,0,No,No,68,Yes,Fiber optic,Month-to-month,Mailed check,111.04,7453.79,Yes
d93d2290,Male,0,No,Yes,43,Yes,Fiber optic,One year,Credit card,105.23,4596.76,No
bb023fee,Male,0,Yes,No,56,Yes,DSL,Two year,Credit card,117.83,6650.55,No
c962feb9,Male,0,No,Yes,38,No,No,Month-to-month,Credit card,55.85,2108.44,Yes
b0d0e0cf,Male,1,Yes,No,19,No,Fiber optic,One year,Electronic check,43.22,848.76,No
b6165ba6,Female,0,Yes,Yes,39,No,Fiber optic,One year,Bank transfer,83.89,3256.57,No
a428381d,Male,1,No,No,46,Yes,DSL,One year,Credit card,77.48,3662.62,Yes
13da78de,Male,0,No,No,46,Yes,No,One year,Mailed check,41.9,1865.43,No
a7b9d88e,Female,0,No,Yes,47,No,Fiber optic,One year,Credit card,93.24,4300.31,Yes
8131e2bf,Male,0,No,No,62,Yes,DSL,One year,Credit card,116.74,7196.91,Yes
9c579a53,Female,1,Yes,Yes,51,No,Fiber optic,One year,Bank transfer,21.39,1098.2,No
16a94382,Female,0,No,No,4,Yes,No,One year,Mailed check,81.95,416.43,No
58f37621,Male,0,No,No,18,No,DSL,One year,Electronic check,24.53,348.98,No
4659ff4c,Female,1,Yes,No,70,Yes,Fiber optic,Month-to-month,Electronic check,61.91,4382.15,Yes
8cd62e45,Female,1,Yes,Yes,57,No,DSL,One year,Bank transfer,64.47,3622.01,Yes
a819d8c2,Male,1,Yes,Yes,12,Yes,DSL,Two year,Electronic check,86.28,1063.7,Yes
5e888def,Male,1,Yes,No,28,Yes,No,Month-to-month,Electronic check,101.31,2783.28,No
22f87ef3,Female,1,Yes,Yes,15,No,Fiber optic,Month-to-month,Mailed check,86.11,1196.81,Yes
ee2fd802,Male,1,No,No,68,Yes,Fiber optic,One year,Electronic check,31.36,2045.19,No
85d8da60,Female,1,Yes,Yes,8,No,No,One year,Electronic check,119.86,1028.34,No
adfed1ec,Female,1,No,No,19,Yes,No,Two year,Bank transfer,26.57,459.83,No
a67e84bc,Male,1,No,No,15,No,No,Two year,Mailed check,105.28,1609.38,No
a04d9355,Female,1,Yes,Yes,52,Yes,Fiber optic,One year,Bank transfer,61.6,3122.22,No
f60c3fc6,Female,1,No,No,12,Yes,DSL,One year,Electronic check,63.19,807.2,No
3b09e3e4,Male,0,Yes,No,37,No,No,Two year,Mailed check,80.04,2931.81,No
fdeb3702,Female,1,No,No,15,No,No,One year,Electronic check,96.26,1458.72,Yes
a8412e83,Male,0,Yes,Yes,1,No,Fiber optic,Two year,Electronic check,38.14,-33.21,No
3c085231,Male,0,Yes,Yes,54,Yes,No,One year,Bank transfer,65.36,3460.92,No
c9908850,Male,1,No,No,35,Yes,Fiber optic,Two year,Credit card,64.31,2235.65,Yes
1e8ac405,Male,0,Yes,Yes,37,No,No,Two year,Bank transfer,87.82,3267.97,Yes
60a4c195,Female,0,Yes,Yes,28,No,Fiber optic,One year,Electronic check,96.73,2761.27,No
a0eb5e7f,Male,1,No,Yes,69,No,Fiber optic,Two year,Electronic check,90.37,6235.58,No
7ef8a126,Male,1,No,Yes,10,No,Fiber optic,Two year,Credit card,106.21,1077.25,Yes
515e4fe5,Female,0,No,Yes,47,No,Fiber optic,Month-to-month,Credit card,28.81,1422.97,Yes
4c04f894,Male,1,Yes,Yes,22,Yes,No,Two year,Mailed check,27.64,634.72,No
68ab2931,Female,1,No,No,33,Yes,DSL,Two year,Mailed check,39.73,1331.57,No
e38237ef,Female,1,No,No,57,Yes,Fiber optic,One year,Electronic check,26.83,1517.75,No
96a64a22,Male,1,No,Yes,8,No,DSL,Two year,Credit card,56.87,412.38,No
7145d011,Male,0,Yes,Yes,61,No,DSL,One year,Bank transfer,70.14,4370.08,No
db37e5b7,Female,1,Yes,No,57,Yes,Fiber optic,One year,Bank transfer,72.41,4149.33,No
26ceee01,Male,1,No,No,43,No,Fiber optic,One year,Mailed check,29.45,1302.03,Yes
e3b327db,Male,1,No,No,17,Yes,No,One year,Credit card,79.5,1439.1,No
57eca551,Male,0,Yes,No,47,Yes,Fiber optic,One year,Mailed check,50.89,2482.06,No
fb8575c9,Male,0,Yes,Yes,65,Yes,DSL,Two year,Bank transfer,97.09,6377.87,No
77177cf8,Female,1,Yes,Yes,57,No,DSL,Two year,Credit card,24.37,1361.95,No
61884465,Female,1,No,Yes,61,Yes,No,Two year,Credit card,110.4,6673.2,No
ba2f4fcd,Male,0,No,No,18,Yes,Fiber optic,One year,Electronic check,107.3,1841.84,Yes
b0debf45,Female,1,Yes,No,56,Yes,Fiber optic,One year,Electronic check,29.17,1715.62,Yes
43a0ef79,Female,0,No,Yes,48,No,No,Month-to-month,Bank transfer,42.45,2001.34,Yes
6df857e6,Female,0,Yes,No,58,Yes,Fiber optic,Month-to-month,Mailed check,81.53,4809.91,Yes
0dcd753d,Female,0,Yes,Yes,39,Yes,No,Two year,Credit card,32.18,1202.71,Yes
5f99d1da,Male,0,No,Yes,38,Yes,No,Month-to-month,Credit card,62.92,2413.92,No
86d65297,Male,0,No,Yes,50,Yes,Fiber optic,One year,Bank transfer,107.33,5275.21,Yes
bff4792f,Female,1,Yes,Yes,43,Yes,No,One year,Mailed check,33.34,1404.08,No
eeb04f94,Female,1,No,Yes,59,Yes,DSL,Month-to-month,Bank transfer,23.7,1338.62,Yes
bceb50f6,Female,0,No,No,37,No,Fiber optic,Two year,Bank transfer,55.7,2117.07,No
30e862cf,Male,0,No,Yes,44,No,Fiber optic,One year,Bank transfer,117.37,5163.52,No
ab2b285a,Female,1,No,No,42,Yes,Fiber optic,One year,Credit card,30.26,1236.5,Yes
57d0adb0,Male,1,Yes,Yes,46,No,DSL,Two year,Electronic check,81.49,3735.53,No
fb15971d,Male,1,Yes,No,5,No,Fiber optic,Two year,Bank transfer,32.62,110.3,No
7a96aa02,Female,1,Yes,Yes,48,Yes,No,Month-to-month,Bank transfer,64.39,3006.1,Yes
f8a5f02d,Male,1,No,No,24,Yes,DSL,Two year,Bank transfer,69.9,1655.0,No
dec419a7,Female,0,No,Yes,16,No,No,Month-to-month,Credit card,33.57,451.93,No
3c292a0c,Male,1,Yes,Yes,39,Yes,No,Two year,Mailed check,105.14,4142.82,No
5df48e18,Female,0,No,No,64,No,Fiber optic,One year,Mailed check,22.63,1459.12,Yes
3fa6547a,Male,1,Yes,No,10,Yes,Fiber optic,Month-to-month,Credit card,32.53,288.71,Yes
e4e27c8d,Female,1,Yes,No,16,Yes,Fiber optic,Month-to-month,Mailed check,71.81,1109.78,No
c8f545fd,Male,0,Yes,No,71,Yes,No,Two year,Electronic check,47.45,3393.95,No
1d13d549,Male,1,No,No,4,No,Fiber optic,Two year,Mailed check,28.12,202.19,No
dfcd48f3,Male,0,No,No,62,No,Fiber optic,One year,Credit card,44.49,2819.85,No
ecadfa55,Male,1,No,Yes,60,No,No,One year,Bank transfer,40.4,2445.33,No
f4d97b7e,Female,0,No,Yes,31,Yes,DSL,Month-to-month,Electronic check,66.65,2019.64,Yes
fa95ad69,Female,1,No,Yes,42,Yes,DSL,Month-to-month,Credit card,113.38,4806.19,Yes
31dfaf67,Female,0,No,No,51,Yes,No,Month-to-month,Bank transfer,70.54,3690.88,Yes
df75a897,Male,1,Yes,No,14,No,Fiber optic,Two year,Credit card,63.09,959.75,Yes
aad3f775,Female,0,No,No,10,No,Fiber optic,Two year,Electronic check,58.63,576.37,No
aebc0770,Female,0,No,No,19,Yes,DSL,Two year,Electronic check,39.91,760.11,Yes
8efefaec,Female,1,No,No,66,Yes,DSL,One year,Credit card,33.98,2328.95,No
725d0c25,Female,0,Yes,Yes,48,No,No,One year,Bank transfer,53.12,2471.68,No
e4578833,Male,0,Yes,Yes,22,No,DSL,One year,Mailed check,72.42,1637.48,No
ea3a47c6,Male,0,No,No,41,No,Fiber optic,Month-to-month,Credit card,61.88,2519.67,No
f5076cb8,Male,1,Yes,No,41,No,Fiber optic,Two year,Bank transfer,115.67,4734.4,No
059fb8ec,Female,1,No,No,29,Yes,No,One year,Mailed check,114.15,3406.8,Yes
f46d6cf4,Male,0,No,No,70,No,DSL,One year,Bank transfer,57.97,4153.93,No
1d26aa1b,Male,0,Yes,Yes,62,Yes,No,One year,Bank transfer,41.4,2632.39,Yes
54c6b82b,Male,0,No,No,30,No,Fiber optic,Two year,Electronic check,25.25,740.16,Yes
b4bfeff9,Male,0,Yes,Yes,26,No,No,One year,Electronic check,95.59,2442.79,No
11b1fc92,Male,1,No,Yes,23,No,Fiber optic,One year,Mailed check,113.39,2515.24,No
10cc5103,Male,1,No,Yes,37,No,Fiber optic,Two year,Mailed check,65.43,2449.17,Yes
9c39c604,Female,0,No,No,33,Yes,Fiber optic,One year,Mailed check,91.86,2934.2,No
29183a25,Female,0,Yes,No,52,No,Fiber optic,Month-to-month,Bank transfer,86.93,4457.32,Yes
f8d3cb0d,Male,0,No,No,43,Yes,Fiber optic,Month-to-month,Bank transfer,50.19,2202.75,Yes
b309f78e,Male,1,Yes,Yes,52,No,Fiber optic,Two year,Electronic check,88.61,4692.34,Yes
787a03b9,Male,0,No,No,20,Yes,Fiber optic,One year,Credit card,65.5,1407.77,No
85870d56,Female,0,Yes,Yes,15,No,DSL,Two year,Mailed check,26.18,402.23,No
078030e4,Male,1,No,No,12,Yes,Fiber optic,Month-to-month,Mailed check,109.89,1307.78,Yes
56c66609,Male,0,Yes,Yes,51,No,No,Month-to-month,Electronic check,45.45,2218.55,Yes
249dcaae,Female,1,No,No,5,No,No,Month-to-month,Credit card,48.71,179.55,No
74d93d09,Female,0,Yes,Yes,11,Yes,DSL,Two year,Bank transfer,88.27,1003.33,Yes
926f4969,Male,1,No,No,3,Yes,No,Two year,Credit card,117.85,346.15,No
bae46bc7,Male,0,Yes,Yes,36,No,DSL,Month-to-month,Credit card,38.85,1473.64,Yes
d71867c4,Female,0,Yes,No,7,No,DSL,One year,Mailed check,44.47,220.14,Yes
e01ead3e,Male,1,Yes,No,31,No,No,Two year,Mailed check,50.18,1484.23,No
dc89611a,Female,1,No,Yes,7,No,Fiber optic,Two year,Bank transfer,117.23,908.93,Yes
539dc5a6,Female,0,Yes,No,31,Yes,DSL,Two year,Credit card,104.93,3212.98,No
d19361e2,Female,0,Yes,Yes,33,Yes,Fiber optic,One year,Electronic check,40.33,1360.23,Yes
a7543279,Male,0,No,Yes,72,Yes,Fiber optic,One year,Electronic check,41.7,2944.18,No
ce0ac3a9,Female,1,No,No,51,Yes,Fiber optic,One year,Credit card,111.51,5697.43,Yes
9050e428,Male,1,Yes,Yes,61,No,Fiber optic,Month-to-month,Bank transfer,96.16,5829.81,Yes
8a733206,Female,0,Yes,No,71,No,Fiber optic,One year,Mailed check,113.48,8072.91,Yes
bbac7c4d,Female,1,Yes,Yes,33,No,No,Two year,Credit card,96.34,3176.94,Yes
9713f556,Male,0,Yes,No,24,Yes,DSL,Two year,Electronic check,111.69,2688.99,No
b940b81a,Female,1,No,Yes,30,Yes,No,Month-to-month,Credit card,26.8,734.21,Yes
8b6436cb,Female,1,Yes,Yes,69,Yes,No,Two year,Bank transfer,75.16,5088.41,Yes
c6e26c7e,Male,1,No,No,68,No,Fiber optic,Two year,Bank transfer,34.89,2310.91,No
4d56d7cc,Female,0,No,Yes,32,Yes,DSL,Two year,Electronic check,119.02,3753.81,No
ceee5d25,Female,0,No,Yes,22,Yes,Fiber optic,Two year,Electronic check,28.27,691.01,Yes
79b41646,Male,0,No,Yes,36,No,DSL,Month-to-month,Bank transfer,109.93,3970.18,No
29066795,Male,1,Yes,No,21,Yes,No,One year,Bank transfer,76.4,1617.74,No
cb52f1d3,Female,1,No,No,13,Yes,No,One year,Credit card,63.71,895.96,Yes
3941cf34,Female,0,Yes,Yes,46,Yes,No,Month-to-month,Credit card,75.3,3438.89,No
49db541e,Male,1,Yes,No,35,No,DSL,Two year,Credit card,35.42,1282.04,No
fd58ab31,Female,1,Yes,Yes,47,Yes,DSL,Month-to-month,Credit card,96.13,4438.56,Yes
822f8ace,Male,1,Yes,Yes,46,No,Fiber optic,One year,Electronic check,75.42,3488.7,No
ffc3ef80,Female,0,No,No,22,Yes,DSL,One year,Electronic check,33.88,705.59,No
a9009bb1,Female,1,Yes,No,47,No,Fiber optic,Two year,Mailed check,45.17,2072.31,Yes
a1a062a2,Male,1,No,No,49,Yes,Fiber optic,One year,Mailed check,100.41,4886.0,Yes
bed3c8e5,Female,0,No,No,51,Yes,No,Two year,Credit card,116.87,5918.66,Yes
76009556,Male,1,No,No,26,Yes,No,Two year,Electronic check,79.22,2068.85,No
2e6160ce,Female,0,Yes,No,53,No,DSL,One year,Bank transfer,87.3,4554.74,No
652deeac,Male,1,Yes,Yes,52,No,Fiber optic,Two year,Electronic check,73.44,3903.58,No
bf0d1f92,Female,1,Yes,Yes,22,Yes,No,Two year,Credit card,84.7,1772.26,No
2e01499c,Female,1,Yes,No,34,Yes,No,Two year,Mailed check,42.2,1484.17,No
f2118b9d,Female,1,Yes,No,62,No,DSL,Month-to-month,Mailed check,30.45,1871.1,Yes
e412420d,Male,1,Yes,No,61,Yes,Fiber optic,One year,Electronic check,29.76,1859.76,Yes
3f5cd27d,Female,1,Yes,No,22,Yes,DSL,Two year,Mailed check,112.99,2533.88,No
c62bf6c3,Female,1,Yes,Yes,24,Yes,No,Month-to-month,Mailed check,84.05,2003.63,Yes
e1975ddf,Male,0,No,Yes,36,No,No,Month-to-month,Electronic check,95.23,3490.03,Yes
933c9cff,Female,0,Yes,No,63,Yes,Fiber optic,Two year,Credit card,72.77,4612.33,No
7709132d,Female,0,Yes,No,18,No,DSL,Month-to-month,Bank transfer,51.32,871.47,Yes
659a2ef6,Male,1,No,No,24,Yes,DSL,Two year,Mailed check,68.67,1655.56,No
362fbc83,Female,1,No,No,46,Yes,Fiber optic,Month-to-month,Credit card,115.18,5295.2,Yes
8c0e88cc,Female,1,Yes,No,11,No,Fiber optic,Month-to-month,Electronic check,76.54,901.12,Yes
a6ddca14,Female,0,Yes,No,71,Yes,No,One year,Bank transfer,71.08,5061.22,No
48b9a99f,Male,0,Yes,Yes,32,No,Fiber optic,One year,Bank transfer,49.77,1692.5,No
be564e15,Male,1,No,No,55,No,DSL,Month-to-month,Electronic check,36.6,1940.85,Yes
39eeb745,Female,1,Yes,Yes,35,Yes,DSL,Two year,Mailed check,115.24,4036.28,No
8d251d7b,Female,0,No,No,19,No,Fiber optic,Two year,Credit card,91.14,1797.36,No
f7f4cf69,Female,1,No,Yes,10,Yes,Fiber optic,Month-to-month,Bank transfer,83.36,909.63,Yes
aaed95ab,Male,0,No,No,59,No,No,Month-to-month,Credit card,83.48,4964.78,No
2c2f7af3,Female,0,Yes,Yes,37,Yes,Fiber optic,Two year,Bank transfer,53.78,2005.45,Yes
3167c686,Female,1,Yes,No,57,No,DSL,One year,Mailed check,65.65,3840.42,Yes
c90912ee,Male,1,No,Yes,11,Yes,DSL,Month-to-month,Credit card,57.18,709.74,Yes
f9e9a37c,Female,0,Yes,No,1,Yes,DSL,Two year,Credit card,41.34,-43.07,Yes
de2ab86e,Female,1,Yes,No,62,Yes,DSL,Two year,Electronic check,27.08,1655.57,No
2504f6be,Male,1,Yes,No,19,No,No,Two year,Mailed check,26.84,522.62,No
4a50951f,Female,1,Yes,Yes,28,No,No,Month-to-month,Credit card,28.67,722.85,No
69b4e22d,Female,0,Yes,Yes,11,No,No,Two year,Bank transfer,44.82,513.22,No
e534d342,Male,0,Yes,No,38,No,Fiber optic,Month-to-month,Credit card,84.62,3272.32,Yes
48dff34a,Male,1,Yes,Yes,17,Yes,Fiber optic,One year,Mailed check,58.68,1065.35,No
3004260f,Female,1,Yes,Yes,34,No,No,One year,Bank transfer,41.57,1497.9,No
3c7c982a,Male,1,No,No,11,Yes,DSL,Month-to-month,Bank transfer,50.99,563.15,Yes
670b5253,Male,1,Yes,Yes,8,Yes,Fiber optic,Month-to-month,Electronic check,44.45,440.53,Yes
efb4c442,Female,0,Yes,Yes,2,No,No,Two year,Bank transfer,36.38,163.36,Yes
5a65d8f7,Female,1,Yes,No,55,Yes,No,Two year,Electronic check,47.2,2508.77,No
f7afbec0,Male,0,Yes,Yes,48,Yes,No,Two year,Electronic check,35.73,1769.71,No
c1ad716e,Male,1,No,No,6,No,DSL,Month-to-month,Electronic check,67.18,379.68,Yes
c44b4630,Male,0,No,Yes,10,No,DSL,Two year,Mailed check,77.15,695.38,No
9104a1c3,Female,0,No,Yes,37,No,No,Month-to-month,Credit card,97.35,3564.09,Yes
e79cedc4,Female,0,Yes,Yes,48,No,No,Month-to-month,Mailed check,79.17,3798.83,Yes
83c16447,Male,0,No,No,2,Yes,Fiber optic,Two year,Bank transfer,115.1,130.49,Yes
134d235f,Male,1,Yes,Yes,19,No,No,Month-to-month,Credit card,91.17,1650.84,Yes
19d0f6bd,Female,1,No,No,10,No,DSL,Two year,Mailed check,79.19,704.36,Yes
43139ee3,Female,0,No,No,58,No,DSL,Month-to-month,Electronic check,47.2,2652.54,Yes
70834c75,Male,1,Yes,Yes,16,No,Fiber optic,Month-to-month,Bank transfer,73.59,1270.37,Yes
01a9180a,Male,1,No,No,6,Yes,DSL,Month-to-month,Mailed check,41.5,320.31,Yes
c724e2a6,Male,0,Yes,Yes,4,Yes,No,Two year,Mailed check,115.21,531.76,Yes
ef695086,Male,1,Yes,Yes,29,Yes,No,One year,Electronic check,33.07,1023.76,No
722c5e86,Female,1,No,No,57,Yes,DSL,One year,Electronic check,100.93,5671.41,Yes
26352133,Male,1,Yes,Yes,49,No,DSL,Month-to-month,Bank transfer,88.32,4262.24,Yes
a6cff697,Male,1,Yes,Yes,64,No,DSL,Month-to-month,Bank transfer,61.2,3926.94,Yes
906db0c7,Male,1,No,Yes,46,Yes,No,One year,Bank transfer,67.97,3182.91,No
aede69ef,Male,0,No,Yes,36,Yes,Fiber optic,Two year,Mailed check,25.86,1029.27,Yes
cff9fef8,Female,1,Yes,No,50,Yes,DSL,Month-to-month,Mailed check,55.48,2841.84,No
c4a17d27,Male,0,Yes,Yes,25,Yes,No,One year,Bank transfer,103.67,2653.83,No
c00d34b1,Female,1,Yes,Yes,3,Yes,DSL,Two year,Mailed check,72.64,118.06,No
c18056c3,Female,1,No,No,19,Yes,DSL,One year,Bank transfer,97.44,1920.66,No
ef09e618,Female,0,Yes,Yes,21,No,Fiber optic,Two year,Bank transfer,93.24,1945.41,No
95e9b897,Male,1,Yes,No,40,Yes,No,Month-to-month,Electronic check,93.4,3694.9,No
82deba56,Male,1,Yes,No,14,No,DSL,Two year,Mailed check,113.67,1519.51,No
69e22b94,Male,0,No,No,2,No,Fiber optic,Month-to-month,Bank transfer,46.52,42.95,Yes
1d428c32,Male,0,Yes,No,22,Yes,Fiber optic,One year,Credit card,108.46,2384.74,No
9713ea8a,Male,0,Yes,Yes,5,No,DSL,Month-to-month,Bank transfer,49.49,211.19,No
fa80c91d,Female,0,Yes,Yes,62,No,DSL,Two year,Credit card,90.45,5594.16,Yes
2cfe7775,Male,1,No,No,71,Yes,No,One year,Bank transfer,92.2,6592.19,Yes
2fdfe52c,Male,0,Yes,No,7,Yes,No,One year,Credit card,56.08,378.08,Yes
f0b6a468,Female,1,Yes,No,61,No,Fiber optic,One year,Credit card,104.38,6328.85,Yes
d0eb7b94,Male,0,Yes,Yes,48,Yes,Fiber optic,One year,Bank transfer,38.66,1764.6,No
726b4119,Female,1,No,Yes,45,No,DSL,Two year,Electronic check,100.82,4519.7,No
d6091658,Female,0,Yes,Yes,39,Yes,DSL,Two year,Mailed check,27.9,1168.66,No
2587b5e8,Female,0,No,Yes,25,Yes,Fiber optic,Two year,Mailed check,32.62,800.17,No
66a46d65,Female,0,Yes,No,50,Yes,No,One year,Credit card,75.64,3792.41,No
23f2ee14,Female,1,No,No,19,No,DSL,Month-to-month,Electronic check,76.66,1473.08,No
7954c395,Female,0,Yes,No,63,No,Fiber optic,Month-to-month,Credit card,77.2,4858.21,Yes
c50c2a19,Female,1,No,No,31,No,Fiber optic,One year,Electronic check,24.93,767.87,No
a528d14d,Female,1,Yes,Yes,13,No,No,One year,Credit card,117.25,1469.84,Yes
a1cdede7,Male,0,Yes,No,28,No,No,One year,Bank transfer,111.34,3098.95,No
8ea44bea,Male,0,Yes,Yes,18,Yes,DSL,Two year,Mailed check,98.05,1769.76,No
d45cd234,Male,1,Yes,Yes,59,No,Fiber optic,Month-to-month,Bank transfer,25.06,1450.62,Yes
d64a39e0,Female,1,Yes,No,63,Yes,No,One year,Bank transfer,79.4,4937.72,Yes
c9c75f7c,Female,0,Yes,Yes,50,No,DSL,Month-to-month,Mailed check,24.97,1319.26,Yes
fdd4e32a,Female,1,No,No,17,No,DSL,Month-to-month,Bank transfer,84.74,1460.81,No
25b2d179,Female,0,No,No,59,Yes,No,Two year,Credit card,45.2,2660.14,Yes
3d2b467e,Female,1,Yes,Yes,62,Yes,Fiber optic,Two year,Bank transfer,26.38,1733.23,No
9f09aabf,Female,0,No,No,8,No,Fiber optic,Two year,Bank transfer,100.54,864.79,No
62fde339,Male,1,No,No,52,No,No,Two year,Mailed check,58.83,2966.22,No
d06ec784,Female,1,Yes,No,22,Yes,Fiber optic,Month-to-month,Electronic check,104.06,2364.62,Yes
68c0f31e,Female,1,No,Yes,29,No,Fiber optic,One year,Bank transfer,55.53,1659.21,Yes
62181bb6,Female,0,No,No,7,Yes,DSL,Two year,Credit card,106.64,763.19,Yes
6c994973,Male,0,Yes,No,20,No,No,One year,Credit card,33.74,614.86,No
8c2ab363,Male,0,No,Yes,23,Yes,Fiber optic,One year,Mailed check,51.34,1092.42,No
8b8fb0e4,Female,0,Yes,No,56,Yes,Fiber optic,One year,Electronic check,83.35,4648.28,No
d9a15726,Female,1,No,Yes,3,Yes,DSL,Month-to-month,Bank transfer,87.67,288.35,Yes
5a186c14,Male,1,No,No,6,No,No,Two year,Bank transfer,49.82,257.09,No
3b16f581,Male,0,Yes,Yes,25,Yes,DSL,One year,Mailed check,36.49,993.63,No
c155a334,Male,0,Yes,Yes,16,Yes,Fiber optic,Month-to-month,Bank transfer,56.66,936.67,Yes
50f6b654,Male,0,No,No,15,Yes,Fiber optic,Two year,Credit card,61.68,901.25,Yes
6bcf1ecb,Male,0,No,Yes,67,Yes,Fiber optic,Month-to-month,Electronic check,47.0,3170.13,Yes
264f7e0b,Female,1,Yes,No,34,No,No,One year,Credit card,103.15,3601.72,Yes
11e1ff4b,Male,0,Yes,No,31,Yes,No,Month-to-month,Credit card,20.27,662.7,No
83e200a2,Female,0,No,No,59,No,DSL,One year,Electronic check,118.87,6972.53,No
a18a5103,Female,0,No,Yes,15,No,DSL,Month-to-month,Mailed check,29.5,494.14,Yes
2928b4ac,Male,1,Yes,Yes,44,Yes,Fiber optic,One year,Credit card,38.29,1664.92,No
47fbdafa,Female,0,Yes,Yes,21,No,No,One year,Credit card,30.37,720.02,No
2113cfeb,Male,1,No,Yes,63,No,DSL,Month-to-month,Bank transfer,31.29,1953.53,Yes
9d22d5b8,Male,0,No,No,32,Yes,Fiber optic,Two year,Mailed check,68.19,2214.82,Yes
84b4bd6f,Female,0,No,Yes,10,Yes,Fiber optic,One year,Electronic check,95.14,915.53,Yes
01a2ffc0,Female,1,Yes,Yes,59,No,Fiber optic,Month-to-month,Credit card,64.42,3815.39,Yes
abccae3f,Female,0,No,No,53,Yes,No,Month-to-month,Bank transfer,23.58,1259.56,No
d0d0d5c2,Male,1,Yes,Yes,29,Yes,No,Two year,Credit card,104.43,2994.86,No
9141cb8c,Male,0,No,Yes,44,No,No,One year,Bank transfer,55.51,2469.17,Yes
b951b901,Male,1,No,Yes,14,No,Fiber optic,Month-to-month,Mailed check,45.43,575.2,No
06bc0fd9,Male,1,No,Yes,6,Yes,DSL,Two year,Credit card,112.66,743.45,No
c5774366,Male,0,Yes,No,71,No,No,One year,Mailed check,113.53,8128.39,No
1909e1b6,Female,1,No,No,65,Yes,No,Two year,Mailed check,108.14,7012.83,No
a93dd833,Male,1,Yes,Yes,18,No,No,Two year,Bank transfer,61.27,1142.86,No
2590cfc0,Female,1,No,No,45,No,No,Two year,Mailed check,112.12,4971.93,No
70df5599,Male,0,No,Yes,55,No,Fiber optic,Month-to-month,Mailed check,100.83,5550.2,Yes
e393af4e,Male,1,Yes,No,33,Yes,DSL,One year,Electronic check,34.64,1055.53,No
87302749,Female,1,Yes,Yes,66,No,No,One year,Electronic check,98.43,6556.14,No
3df46bdf,Male,0,No,No,26,Yes,DSL,One year,Bank transfer,82.06,2189.74,No
70991a9f,Female,0,Yes,Yes,10,No,DSL,Two year,Credit card,38.7,321.76,No
e6d8d3f5,Female,1,No,No,1,Yes,DSL,Month-to-month,Mailed check,53.06,95.0,Yes
a1912cc2,Female,1,Yes,No,41,Yes,DSL,Two year,Mailed check,72.54,3065.54,No
c1b36469,Female,0,No,Yes,28,Yes,DSL,One year,Credit card,86.33,2383.45,Yes
e03df5db,Female,1,No,No,6,Yes,Fiber optic,Month-to-month,Bank transfer,88.26,493.75,Yes
36640c94,Male,0,Yes,Yes,38,Yes,DSL,Two year,Electronic check,109.83,4112.04,No
bec3d20f,Male,0,Yes,No,55,No,No,Two year,Credit card,103.57,5637.47,No
ad4fcc84,Female,0,No,No,5,No,No,One year,Electronic check,28.75,54.6,No
26237224,Male,0,Yes,No,56,Yes,No,Month-to-month,Electronic check,51.64,2869.74,No
d6facb65,Male,1,No,Yes,38,Yes,Fiber optic,Month-to-month,Credit card,98.69,3710.49,Yes
fe210bf9,Female,1,Yes,Yes,18,Yes,Fiber optic,Two year,Mailed check,94.68,1763.59,No
5aa3c695,Female,1,Yes,No,6,Yes,No,Two year,Electronic check,20.5,142.33,Yes
108290c4,Male,0,No,Yes,21,No,DSL,One year,Electronic check,38.4,829.78,No
0a661f88,Male,1,Yes,No,9,Yes,Fiber optic,Two year,Bank transfer,45.07,345.11,Yes
4495e853,Female,0,No,No,25,Yes,No,Two year,Bank transfer,51.78,1284.63,No
2b94f98d,Male,1,No,No,1,No,No,Two year,Credit card,51.32,108.45,No
318c3500,Male,0,Yes,No,58,Yes,DSL,Two year,Mailed check,55.87,3201.55,No
1bf6b18a,Female,0,No,Yes,10,No,DSL,Two year,Credit card,109.21,1162.02,No
3209b119,Male,1,No,No,51,Yes,Fiber optic,Two year,Mailed check,42.33,2213.26,No
0338805d,Male,0,Yes,No,31,No,No,Two year,Mailed check,104.8,3310.11,No
b2859652,Male,0,No,No,6,No,Fiber optic,Month-to-month,Bank transfer,41.88,248.81,Yes
d4dd6b5f,Female,1,Yes,No,59,No,Fiber optic,Two year,Electronic check,108.16,6289.42,No
67d732ac,Male,1,No,No,47,No,No,Month-to-month,Bank transfer,78.77,3781.84,No
6c7ec525,Male,1,No,Yes,63,Yes,No,Month-to-month,Mailed check,99.27,6331.44,Yes
e68be44b,Male,1,No,No,24,No,No,Month-to-month,Mailed check,35.74,878.16,No
142048ff,Male,0,Yes,Yes,27,Yes,DSL,One year,Mailed check,79.08,2164.61,Yes
412977dd,Male,1,No,No,8,No,Fiber optic,Two year,Electronic check,36.63,377.53,No
ff922487,Female,1,No,Yes,22,Yes,No,Month-to-month,Mailed check,41.94,904.83,Yes
f936b75a,Male,0,No,Yes,49,Yes,No,Month-to-month,Credit card,58.55,2790.66,No
b6ccd36a,Female,1,Yes,No,12,Yes,No,Two year,Electronic check,68.22,744.71,No
b6942a6a,Female,1,Yes,Yes,62,No,No,Two year,Electronic check,98.96,6111.77,Yes
6f388dc9,Female,0,Yes,No,70,No,No,Two year,Electronic check,60.86,4198.0,No
7aacb0a1,Female,1,No,Yes,47,No,Fiber optic,Two year,Bank transfer,30.66,1426.23,No
c5af3a2d,Female,1,No,Yes,71,Yes,No,One year,Credit card,98.38,6981.47,No
3e372db9,Male,1,Yes,No,30,Yes,DSL,Month-to-month,Mailed check,64.66,1979.66,No
1e77397d,Female,0,Yes,Yes,12,No,Fiber optic,Two year,Electronic check,102.33,1222.29,Yes
7353076a,Female,0,Yes,Yes,52,No,No,Two year,Electronic check,81.4,4237.0,No
783610fd,Female,0,Yes,Yes,25,Yes,No,Two year,Mailed check,23.36,603.9,No
a57338b8,Male,1,Yes,Yes,12,No,No,One year,Credit card,119.68,1492.09,No
aac81160,Male,1,No,Yes,72,No,DSL,One year,Mailed check,111.5,7997.62,No
3516fe70,Female,1,No,No,65,No,Fiber optic,One year,Electronic check,30.65,1906.73,No
9f7aaa28,Female,0,Yes,No,32,Yes,No,One year,Credit card,95.75,3156.25,No
963a47a2,Male,1,No,No,30,Yes,No,One year,Electronic check,100.02,2983.09,Yes
7b62178a,Male,0,No,Yes,71,Yes,DSL,One year,Bank transfer,113.14,8028.25,No
f668a3ba,Male,0,Yes,No,31,Yes,DSL,Month-to-month,Bank transfer,107.27,3266.73,No
cd01dbdc,Female,1,No,Yes,70,No,No,One year,Bank transfer,115.8,8175.6,No
99ecfbb9,Male,1,No,No,51,Yes,No,Month-to-month,Credit card,42.21,2168.04,No
cd80ff15,Female,0,Yes,No,59,No,Fiber optic,One year,Electronic check,117.65,6981.0,No
2e704348,Female,1,Yes,No,34,No,Fiber optic,One year,Bank transfer,38.72,1269.05,Yes
68731a9b,Female,0,Yes,No,47,No,No,Month-to-month,Mailed check,105.43,4911.14,No
a1778649,Male,0,No,No,26,No,Fiber optic,Month-to-month,Electronic check,34.58,990.91,Yes
4a0f5fea,Female,0,No,Yes,33,No,DSL,One year,Mailed check,76.21,2528.5,No
32a38be2,Female,0,Yes,Yes,43,No,Fiber optic,Two year,Bank transfer,45.98,1949.2,No
7eca57a0,Female,1,Yes,Yes,46,No,Fiber optic,Two year,Electronic check,52.51,2417.55,No
a91ff902,Female,1,No,No,54,No,DSL,Month-to-month,Mailed check,83.13,4503.35,Yes
86cec8c9,Male,1,Yes,Yes,35,No,No,One year,Credit card,108.77,3863.14,Yes
ccaf23e3,Female,0,Yes,Yes,11,No,DSL,Month-to-month,Credit card,41.06,431.07,Yes
4a14979d,Female,0,Yes,Yes,20,Yes,Fiber optic,One year,Mailed check,28.43,654.92,No
54e17c21,Male,1,Yes,No,4,No,Fiber optic,One year,Credit card,23.52,65.45,No
f03ead95,Female,0,No,No,68,Yes,Fiber optic,One year,Mailed check,83.98,5717.4,Yes
e95d38b2,Female,1,No,No,39,Yes,Fiber optic,Month-to-month,Bank transfer,21.06,826.0,Yes
0cb462bb,Female,0,No,Yes,56,Yes,No,Month-to-month,Bank transfer,99.8,5608.2,Yes
2a9909a3,Female,1,No,Yes,50,Yes,Fiber optic,Month-to-month,Mailed check,102.84,5086.12,Yes
35fae403,Female,1,Yes,No,24,Yes,No,One year,Credit card,33.66,729.91,No
c7bccffb,Female,1,Yes,Yes,20,Yes,DSL,Month-to-month,Bank transfer,24.96,506.19,Yes
c173b9a7,Male,1,No,Yes,20,Yes,Fiber optic,One year,Credit card,21.47,372.84,No
6775eb32,Female,0,No,Yes,8,Yes,Fiber optic,Two year,Mailed check,46.65,351.68,No
ee3b97fd,Male,0,Yes,No,32,No,No,Month-to-month,Electronic check,58.48,1966.35,Yes
86e5f117,Female,1,Yes,No,40,Yes,DSL,Two year,Electronic check,113.62,4476.52,No
aa0a130a,Male,0,No,Yes,28,Yes,Fiber optic,One year,Electronic check,117.33,3232.43,No
8c5a851c,Male,1,Yes,No,6,Yes,No,Two year,Mailed check,78.11,506.81,No
c8efe80f,Male,1,Yes,No,44,Yes,DSL,Two year,Electronic check,113.08,5074.91,No
f928694a,Female,0,Yes,No,41,Yes,Fiber optic,One year,Mailed check,118.17,4902.68,No
7e7db23f,Female,0,No,No,63,No,No,Two year,Credit card,90.66,5723.38,No
7e710962,Female,1,Yes,Yes,71,No,Fiber optic,One year,Bank transfer,36.03,2564.36,No
b97c9974,Male,1,No,No,31,No,Fiber optic,Two year,Mailed check,52.07,1526.84,No
d66cbd73,Male,0,Yes,No,42,Yes,DSL,Month-to-month,Mailed check,31.05,1308.74,No
1d2a798f,Male,1,Yes,Yes,13,Yes,No,One year,Credit card,23.18,329.69,Yes
86cfd840,Female,1,No,Yes,63,No,No,One year,Electronic check,112.84,7175.34,No
84388c18,Male,0,No,Yes,68,Yes,DSL,One year,Mailed check,24.07,1550.84,Yes
2d3c1448,Female,0,No,No,68,Yes,No,Month-to-month,Credit card,85.69,5840.93,No
b133355b,Female,1,No,No,22,No,Fiber optic,Two year,Mailed check,99.25,2193.49,No
05712652,Female,1,No,No,56,No,No,Month-to-month,Mailed check,102.62,5711.41,No
a0f0b42c,Female,0,Yes,No,51,Yes,No,One year,Electronic check,20.02,927.95,No
6b342429,Female,0,Yes,Yes,28,No,Fiber optic,Two year,Mailed check,105.57,2860.3,Yes
4028e8ad,Male,1,Yes,No,47,No,Fiber optic,One year,Electronic check,108.96,5071.09,No
3db7a1ec,Female,1,Yes,Yes,23,No,No,Two year,Electronic check,68.83,1662.89,Yes
75414732,Male,1,No,Yes,45,No,DSL,Month-to-month,Electronic check,107.98,4845.96,Yes
f21db1b9,Male,1,Yes,No,65,No,No,Two year,Credit card,89.78,5766.34,No
4f48c32e,Female,1,No,Yes,51,Yes,No,One year,Electronic check,34.8,1742.03,No
8fa72404,Female,0,No,No,62,Yes,No,Two year,Mailed check,75.93,4705.23,No
dc842a46,Male,1,No,Yes,15,No,DSL,One year,Bank transfer,87.17,1292.26,No
611790dd,Male,0,Yes,Yes,57,Yes,DSL,Month-to-month,Bank transfer,82.32,4680.33,No
647c45e3,Male,1,No,Yes,19,Yes,Fiber optic,Month-to-month,Electronic check,106.88,2094.75,Yes
cd8e06c9,Male,0,No,Yes,27,Yes,Fiber optic,Two year,Mailed check,74.64,2065.35,No
218b8c8f,Female,0,No,Yes,37,Yes,DSL,One year,Credit card,40.07,1521.9,Yes
3f3422c9,Male,1,Yes,Yes,38,No,Fiber optic,Month-to-month,Electronic check,106.74,4086.0,Yes
e9606964,Male,1,Yes,No,72,No,No,Month-to-month,Bank transfer,112.63,8013.66,Yes
ff16c965,Male,1,No,Yes,46,Yes,Fiber optic,Two year,Electronic check,82.52,3743.16,No
a094ff5a,Male,0,No,No,44,No,No,Month-to-month,Credit card,109.72,4859.07,Yes
a0ba1fd5,Male,0,No,Yes,58,Yes,No,Month-to-month,Mailed check,74.22,4246.11,Yes
b59d8f52,Male,1,Yes,No,41,No,DSL,Two year,Mailed check,26.78,1104.57,No
587ae2aa,Male,0,Yes,Yes,53,Yes,No,Two year,Bank transfer,50.33,2716.61,No
ac2ebcb4,Female,0,Yes,No,35,No,DSL,Two year,Mailed check,80.56,2842.07,No
04d047ba,Male,0,No,No,24,Yes,DSL,Month-to-month,Mailed check,105.21,2523.33,Yes
b8bfabdd,Male,1,No,No,26,Yes,No,One year,Credit card,95.78,2403.51,No
d0856dcd,Male,0,Yes,No,49,Yes,No,Two year,Electronic check,92.02,4487.81,No
5908c1aa,Female,1,No,No,72,Yes,DSL,Month-to-month,Bank transfer,58.74,4282.31,Yes
f8aa2f0b,Female,1,Yes,Yes,55,Yes,No,Two year,Mailed check,49.44,2803.01,No
c4101bf2,Male,1,No,Yes,70,No,DSL,One year,Mailed check,33.53,2329.81,No
8d7d1090,Female,0,No,Yes,42,No,No,Month-to-month,Electronic check,89.17,3826.57,Yes
8acbc76e,Male,0,Yes,Yes,66,Yes,Fiber optic,Two year,Electronic check,81.21,5291.84,No
e309a0e8,Male,0,Yes,No,7,Yes,Fiber optic,One year,Mailed check,61.96,395.62,No
8a96e083,Female,0,No,No,59,No,No,Month-to-month,Credit card,69.76,4115.57,Yes
88e55c4c,Male,0,No,Yes,11,Yes,Fiber optic,Two year,Mailed check,80.12,782.63,Yes
bd7c02d0,Male,0,Yes,No,5,Yes,Fiber optic,One year,Electronic check,86.7,501.1,Yes
c5af2a7e,Female,1,Yes,No,59,Yes,DSL,Month-to-month,Bank transfer,94.93,5572.91,Yes
e9084943,Male,0,Yes,Yes,38,No,Fiber optic,One year,Credit card,67.08,2473.44,No
4b5fd6b8,Female,0,No,No,37,Yes,No,One year,Bank transfer,62.71,2389.83,No
01550d85,Male,1,Yes,No,30,No,DSL,Month-to-month,Electronic check,90.86,2821.65,Yes
979529b7,Female,0,Yes,No,6,No,DSL,Two year,Electronic check,53.38,332.36,No
95b59510,Male,1,Yes,Yes,65,No,No,Month-to-month,Bank transfer,75.0,4928.41,Yes
8ea3298b,Female,1,No,No,44,No,DSL,One year,Mailed check,112.23,4933.94,Yes
40864a62,Female,0,No,Yes,8,Yes,No,Two year,Bank transfer,103.51,787.95,Yes
9129e885,Male,1,No,No,36,Yes,No,One year,Mailed check,104.07,3714.35,Yes
e490dba3,Female,1,Yes,Yes,35,No,Fiber optic,Month-to-month,Credit card,61.39,2148.06,Yes
9f92f2fb,Male,1,Yes,No,5,No,No,One year,Electronic check,97.78,571.57,No
4f1a4841,Female,0,No,Yes,68,Yes,No,Month-to-month,Mailed check,51.04,3436.19,No
c243257b,Male,1,No,Yes,40,No,DSL,Two year,Bank transfer,113.23,4566.61,No
001d5a88,Female,1,Yes,Yes,27,No,No,One year,Bank transfer,52.09,1344.94,No
cd64c6f4,Female,1,Yes,No,15,Yes,DSL,Two year,Mailed check,21.53,347.54,No
315efd26,Female,0,Yes,Yes,22,No,No,One year,Credit card,27.12,619.29,Yes
bbc95f9d,Male,1,Yes,No,7,Yes,No,Two year,Credit card,28.61,178.65,Yes
20b0b11b,Female,1,No,Yes,12,Yes,DSL,One year,Credit card,101.29,1299.42,No
da8c11ef,Female,1,No,No,19,Yes,Fiber optic,One year,Mailed check,106.11,2039.48,No
d04c51eb,Male,1,Yes,No,9,Yes,DSL,One year,Bank transfer,67.53,578.06,No
ced2591a,Male,1,Yes,Yes,42,No,No,One year,Credit card,75.61,3089.8,No
19c3657e,Female,1,Yes,Yes,50,Yes,No,Two year,Credit card,26.61,1272.15,No
45cf594d,Female,1,Yes,Yes,63,No,No,One year,Electronic check,31.43,1999.31,Yes
b94adb7f,Male,0,No,No,42,No,DSL,Month-to-month,Mailed check,69.43,2948.09,No
429171d1,Female,1,Yes,Yes,58,No,Fiber optic,One year,Bank transfer,39.57,2331.36,No
99e2cd72,Female,1,Yes,Yes,17,No,DSL,Two year,Electronic check,105.25,1701.73,Yes
596e4be0,Female,0,Yes,Yes,51,No,Fiber optic,One year,Credit card,82.52,4250.87,No
3d5fc270,Male,0,Yes,No,47,No,DSL,Two year,Mailed check,104.0,4818.85,Yes
4f9460cc,Female,0,No,No,18,No,Fiber optic,One year,Credit card,28.47,540.91,No
40ee3184,Female,1,Yes,Yes,29,No,Fiber optic,Two year,Mailed check,38.58,1139.73,No
d6e18984,Male,1,Yes,Yes,48,No,DSL,Two year,Mailed check,31.32,1499.67,No
88b9122c,Male,1,No,No,10,No,Fiber optic,Two year,Electronic check,88.41,891.94,Yes
f4ec1136,Female,0,No,Yes,43,No,Fiber optic,One year,Mailed check,62.1,2762.42,No
aacf3dfb,Male,1,Yes,No,22,No,No,One year,Electronic check,77.29,1731.64,No
0289ed5f,Male,0,No,No,17,Yes,DSL,One year,Electronic check,81.58,1341.9,No
c9c79936,Male,1,Yes,No,34,No,No,Month-to-month,Electronic check,98.25,3287.74,No
e663f3ec,Female,1,Yes,Yes,50,Yes,DSL,Two year,Mailed check,43.79,2177.54,Yes
87ce1f6b,Female,1,No,No,60,Yes,No,Two year,Mailed check,59.87,3552.47,No
13a4642c,Female,0,No,No,68,No,Fiber optic,One year,Bank transfer,107.03,7180.41,Yes
efd28edb,Male,1,Yes,No,35,Yes,No,Two year,Credit card,46.71,1554.51,No
47ad3266,Female,0,No,Yes,41,No,DSL,Month-to-month,Credit card,74.76,3099.72,Yes
c1150886,Male,0,Yes,Yes,33,No,DSL,Month-to-month,Mailed check,39.31,1201.97,No
5beecbc3,Female,0,No,No,24,No,Fiber optic,One year,Credit card,109.6,2669.53,No
6e9bf01a,Female,1,No,Yes,21,No,Fiber optic,Month-to-month,Credit card,98.07,2014.93,No
0addd52f,Female,1,Yes,Yes,9,No,Fiber optic,Two year,Mailed check,69.17,708.25,Yes
9a571d52,Female,1,Yes,Yes,34,Yes,No,Two year,Bank transfer,30.33,945.8,Yes
784e312a,Female,1,Yes,Yes,50,Yes,No,One year,Electronic check,46.64,2372.01,No
74f61af5,Female,1,Yes,Yes,50,No,DSL,One year,Bank transfer,115.42,5834.6,No
e934b29e,Female,0,Yes,No,69,No,Fiber optic,One year,Mailed check,105.33,7235.78,No
ef610746,Male,0,Yes,Yes,14,No,No,Month-to-month,Credit card,83.06,1134.69,Yes
f082b545,Male,0,No,Yes,50,No,Fiber optic,One year,Credit card,26.3,1323.11,Yes
ef0c6bd2,Male,0,Yes,No,16,Yes,Fiber optic,Two year,Mailed check,41.17,689.49,No
e993c2b0,Male,0,No,Yes,61,No,No,Month-to-month,Mailed check,110.72,6777.59,Yes
3dcfac19,Male,0,No,No,22,No,DSL,Month-to-month,Credit card,103.54,2190.67,Yes
3901a81d,Male,0,No,Yes,42,Yes,DSL,Two year,Bank transfer,32.08,1384.18,No
b670ae5a,Male,1,Yes,Yes,36,No,Fiber optic,Two year,Mailed check,34.12,1211.35,Yes
45f18352,Female,0,No,No,21,Yes,DSL,Month-to-month,Mailed check,21.56,450.15,No
2b665d03,Male,0,Yes,No,27,Yes,Fiber optic,One year,Mailed check,34.31,880.56,No
6a9ec3ce,Male,0,No,Yes,39,No,DSL,Month-to-month,Electronic check,54.79,2037.72,No
ab7bf68a,Male,0,Yes,No,7,No,Fiber optic,Two year,Credit card,39.37,334.91,Yes
3697b6c5,Male,0,Yes,Yes,27,No,DSL,One year,Electronic check,63.47,1680.55,No
e572d562,Female,1,Yes,Yes,66,No,Fiber optic,Two year,Bank transfer,31.61,2165.28,Yes
fe1b976e,Female,0,Yes,No,30,Yes,Fiber optic,Month-to-month,Mailed check,29.81,941.85,Yes
1c62674c,Female,1,No,Yes,28,No,Fiber optic,One year,Mailed check,112.79,3149.12,No
83823182,Male,1,No,Yes,17,No,DSL,One year,Electronic check,23.21,408.3,No
2faa7381,Female,0,Yes,No,21,No,DSL,Two year,Mailed check,98.95,2105.55,No
89e3ef1c,Male,1,Yes,No,36,Yes,DSL,Month-to-month,Bank transfer,21.45,757.82,No
1ebc7546,Male,1,No,No,6,Yes,DSL,Two year,Credit card,119.13,761.48,Yes
be3ad0f9,Male,0,Yes,Yes,11,No,Fiber optic,Two year,Mailed check,75.85,736.83,Yes
12fff636,Male,1,No,Yes,40,No,No,Two year,Electronic check,36.18,1439.06,No
6fd071d6,Female,1,No,No,60,Yes,DSL,Two year,Credit card,90.39,5323.67,No
a73d3aa7,Female,0,No,Yes,11,No,No,Month-to-month,Bank transfer,82.05,869.69,Yes
0e9583bc,Male,0,Yes,No,47,Yes,No,Month-to-month,Mailed check,37.53,1775.67,No
909c365f,Female,1,No,No,29,No,No,Two year,Credit card,52.05,1589.04,Yes
7c73f87b,Male,1,Yes,No,65,Yes,No,Two year,Bank transfer,72.67,4648.09,No
577f4149,Male,1,No,Yes,11,Yes,DSL,Month-to-month,Mailed check,59.07,585.53,Yes
61c96a3a,Female,1,Yes,No,67,Yes,No,One year,Mailed check,115.21,7623.61,Yes
43784af6,Female,1,No,No,9,No,No,Two year,Bank transfer,22.2,260.2,No
f810ce65,Female,0,Yes,Yes,39,No,DSL,One year,Bank transfer,76.73,3072.13,No
1b720814,Male,0,Yes,Yes,37,Yes,No,Month-to-month,Bank transfer,65.59,2360.1,No
2d2854bb,Male,0,No,No,6,Yes,Fiber optic,One year,Bank transfer,119.38,731.19,Yes
eb2c783b,Female,0,Yes,No,48,No,Fiber optic,Two year,Electronic check,64.84,3207.41,No
955b5316,Male,1,No,No,20,Yes,Fiber optic,Two year,Bank transfer,20.43,456.3,No
1640ea04,Male,0,No,No,62,Yes,DSL,Two year,Bank transfer,110.02,6749.12,No
e91e564c,Male,1,No,Yes,42,No,No,Two year,Mailed check,25.5,1099.26,Yes
c267c5d8,Female,1,No,No,25,No,DSL,Two year,Bank transfer,69.05,1746.88,Yes
5ca37669,Female,0,No,No,2,No,No,One year,Electronic check,48.47,67.21,No
da029b1c,Male,0,Yes,Yes,21,No,No,One year,Credit card,100.57,2206.04,No
93b05906,Female,0,No,Yes,61,No,DSL,One year,Credit card,118.84,7254.3,Yes
1ca6326d,Female,0,No,No,18,No,No,One year,Credit card,39.93,785.2,No
5c8b2926,Female,0,No,Yes,29,No,Fiber optic,One year,Credit card,22.68,558.21,No
d37024e3,Female,1,No,Yes,32,No,DSL,One year,Bank transfer,22.84,783.82,No
9fd68aab,Male,0,No,Yes,66,Yes,DSL,One year,Electronic check,93.3,6061.31,Yes
3b051c17,Male,1,Yes,Yes,35,Yes,DSL,One year,Bank transfer,56.12,1991.45,No
3b227a8a,Female,1,Yes,Yes,22,Yes,Fiber optic,Two year,Bank transfer,74.37,1710.63,Yes
98e87aa9,Male,0,Yes,Yes,67,No,Fiber optic,One year,Mailed check,48.14,3281.14,Yes
804f3b57,Female,1,Yes,No,59,No,DSL,Month-to-month,Credit card,111.6,6507.71,Yes
ab8d60d0,Female,0,Yes,Yes,23,Yes,DSL,Month-to-month,Mailed check,90.99,1998.52,Yes
2e19f2e0,Male,1,Yes,Yes,11,Yes,DSL,Month-to-month,Electronic check,62.48,739.88,No
fee48bdc,Male,1,Yes,Yes,66,Yes,DSL,One year,Electronic check,79.32,5228.94,No
49c5d9c1,Male,1,Yes,Yes,24,Yes,No,Month-to-month,Bank transfer,87.06,1995.29,Yes
35b80d3c,Female,0,No,Yes,68,No,DSL,One year,Electronic check,41.7,2773.91,No
5f813e3f,Female,0,Yes,No,14,Yes,Fiber optic,One year,Mailed check,38.08,504.08,No
39963162,Male,0,No,No,67,No,Fiber optic,Two year,Electronic check,33.59,2302.98,No
86e293b6,Female,1,Yes,Yes,40,No,No,Month-to-month,Credit card,88.7,3616.22,No
99e6be6b,Male,1,Yes,Yes,48,No,No,One year,Electronic check,37.93,1920.38,No
6bb8ec49,Female,1,Yes,No,52,Yes,DSL,Two year,Electronic check,89.5,4749.51,No
3ae73f38,Female,1,No,No,30,Yes,No,One year,Bank transfer,103.81,3159.34,No
ab9daef0,Male,0,Yes,No,59,Yes,DSL,One year,Mailed check,30.8,1767.34,Yes
2907fdaf,Female,0,No,Yes,23,No,Fiber optic,Month-to-month,Electronic check,58.26,1375.82,No
14752084,Male,0,No,No,64,No,No,One year,Electronic check,69.03,4370.25,No
ba1cbc2e,Male,0,No,No,49,No,No,Month-to-month,Bank transfer,64.26,3055.94,Yes
465c8f73,Male,1,Yes,No,15,No,No,Two year,Credit card,76.89,1151.46,No
fc92086f,Male,1,Yes,No,64,No,Fiber optic,Two year,Bank transfer,79.1,5037.96,Yes
eebf95b6,Female,1,No,Yes,4,Yes,DSL,One year,Credit card,96.52,411.11,No
14314136,Male,1,Yes,No,32,Yes,No,Month-to-month,Electronic check,43.46,1353.14,Yes
3bc779ed,Male,0,No,No,59,No,Fiber optic,Two year,Bank transfer,85.78,5045.51,No
b0571da7,Female,1,Yes,No,42,No,No,Month-to-month,Mailed check,77.25,3306.17,Yes
da212815,Female,1,No,Yes,56,Yes,No,Month-to-month,Mailed check,40.18,2277.17,Yes
5c56122d,Male,1,No,No,13,No,No,Two year,Credit card,79.19,984.14,No
39f1aef4,Male,0,No,Yes,70,No,No,One year,Credit card,51.34,3576.66,No
4731ea72,Male,0,Yes,Yes,35,No,Fiber optic,Two year,Electronic check,113.72,3986.74,Yes
3d3f1da8,Female,1,Yes,No,56,Yes,No,Month-to-month,Mailed check,61.03,3489.72,Yes
09d3494b,Female,1,No,Yes,52,Yes,DSL,Month-to-month,Bank transfer,43.85,2210.19,Yes
53d09201,Female,0,Yes,Yes,21,Yes,No,One year,Mailed check,47.27,898.5,No
001e65a9,Male,1,Yes,Yes,41,Yes,Fiber optic,One year,Electronic check,80.16,3359.99,No
7abf269d,Male,0,No,No,67,No,Fiber optic,Two year,Credit card,86.42,5806.22,Yes
c886bdac,Female,1,Yes,No,31,No,DSL,Month-to-month,Mailed check,113.55,3463.65,Yes
701c2aa1,Female,0,No,Yes,15,Yes,DSL,Two year,Bank transfer,51.65,759.51,No
3c1becba,Female,1,Yes,Yes,7,No,Fiber optic,Month-to-month,Credit card,89.07,681.25,Yes
61485b8d,Male,0,No,No,50,No,Fiber optic,One year,Electronic check,20.79,1131.65,Yes
7c41017c,Male,1,Yes,No,5,Yes,Fiber optic,One year,Credit card,47.4,153.02,No
9401e219,Male,1,Yes,No,46,Yes,No,Two year,Bank transfer,62.09,2901.99,No
fbd4a893,Male,0,No,No,1,No,No,One year,Electronic check,60.07,85.73,Yes
b1dd196e,Female,1,No,Yes,62,No,No,Month-to-month,Bank transfer,107.35,6582.4,Yes
cb8c5a9d,Female,0,Yes,No,49,Yes,DSL,Month-to-month,Electronic check,114.48,5686.39,No
a9275e70,Male,1,Yes,No,7,No,DSL,One year,Electronic check,60.1,406.48,Yes
4806c228,Female,1,Yes,Yes,64,No,Fiber optic,Month-to-month,Bank transfer,31.85,2081.11,Yes
9ff6daed,Female,1,Yes,No,25,No,DSL,Month-to-month,Bank transfer,61.83,1527.45,Yes
a7cd384b,Female,0,No,Yes,11,Yes,No,One year,Credit card,21.03,157.97,No
a3f153c4,Female,0,No,No,72,No,Fiber optic,Month-to-month,Bank transfer,25.88,1829.93,Yes
e1bada68,Female,0,No,Yes,17,Yes,DSL,Two year,Bank transfer,116.81,1997.68,No
c2bb0016,Female,0,No,No,41,No,DSL,One year,Bank transfer,91.03,3718.82,No
78718a67,Female,1,No,Yes,37,No,No,One year,Bank transfer,110.28,4033.0,No
f33dce20,Female,1,No,Yes,7,No,DSL,Month-to-month,Credit card,38.89,183.14,Yes
fbf0e4c9,Male,1,Yes,No,6,Yes,Fiber optic,Two year,Credit card,64.15,482.66,Yes
9ff01ede,Male,0,Yes,No,27,Yes,No,Month-to-month,Bank transfer,106.82,2820.27,Yes
95611387,Male,0,No,Yes,32,Yes,DSL,One year,Bank transfer,96.83,3133.94,No
4a0c5a98,Male,0,No,No,11,Yes,Fiber optic,One year,Bank transfer,66.02,767.76,Yes
1971d1a6,Female,0,Yes,No,28,No,Fiber optic,One year,Electronic check,106.33,3037.55,No
b01d48ae,Female,0,No,Yes,23,Yes,DSL,One year,Electronic check,44.01,1066.41,Yes
cdf12a0a,Female,1,Yes,No,39,No,No,One year,Mailed check,69.08,2680.59,No
6ead5269,Female,1,No,Yes,50,Yes,DSL,One year,Credit card,67.64,3394.61,No
a07a08a4,Male,1,No,No,66,No,No,Month-to-month,Mailed check,54.17,3567.92,Yes
e74450bc,Female,0,Yes,Yes,11,Yes,DSL,Month-to-month,Bank transfer,110.72,1213.44,Yes
6c5b799d,Male,1,Yes,Yes,66,No,Fiber optic,Month-to-month,Bank transfer,30.76,2015.14,Yes
15d7e47c,Female,1,No,No,23,No,DSL,Month-to-month,Credit card,98.62,2336.84,Yes
ece329bc,Male,1,No,Yes,24,Yes,Fiber optic,Two year,Electronic check,41.11,902.28,No
a6e53d9e,Female,1,No,No,22,Yes,No,One year,Credit card,85.58,1874.79,No
d017f456,Male,0,Yes,No,17,Yes,No,Month-to-month,Mailed check,33.51,507.83,Yes
24f0cfa1,Male,0,No,No,12,No,Fiber optic,One year,Electronic check,50.09,593.77,Yes
cc115773,Male,0,No,No,3,No,Fiber optic,Month-to-month,Credit card,105.98,334.99,Yes
1d86fb6a,Male,0,No,No,71,Yes,Fiber optic,One year,Credit card,119.9,8420.3,No
c8b6bd9a,Female,1,Yes,Yes,35,No,DSL,One year,Credit card,109.29,3808.58,No
93bcf04d,Female,1,No,No,25,No,DSL,Two year,Bank transfer,66.92,1660.62,Yes
7916d142,Male,0,Yes,Yes,61,Yes,DSL,Two year,Bank transfer,99.98,6167.69,No
bc351d80,Male,0,No,No,63,No,Fiber optic,One year,Mailed check,30.09,1878.87,No
75fd2037,Male,1,Yes,Yes,21,No,DSL,Two year,Electronic check,37.47,858.76,No
a039cf23,Male,0,Yes,No,34,No,No,Month-to-month,Bank transfer,119.37,4115.56,No
40d91810,Male,0,Yes,No,15,Yes,DSL,Two year,Electronic check,117.47,1818.38,Yes
8a1ee9a6,Female,0,Yes,Yes,38,Yes,No,One year,Electronic check,90.82,3503.55,No
5bc96830,Male,1,Yes,No,57,No,DSL,Month-to-month,Credit card,116.96,6720.56,Yes
8351037a,Female,0,No,No,54,No,No,Month-to-month,Credit card,56.06,3060.24,Yes
58890e3b,Male,0,Yes,No,67,No,Fiber optic,Month-to-month,Mailed check,99.46,6636.17,Yes
2975956b,Male,0,No,No,52,No,Fiber optic,Month-to-month,Electronic check,118.19,6078.74,No
9c1b29ef,Male,1,No,No,71,Yes,Fiber optic,One year,Electronic check,107.35,7666.16,No
07f98c3e,Female,1,Yes,Yes,70,No,No,One year,Bank transfer,82.44,5794.44,No
0f3eab6c,Female,0,No,Yes,50,Yes,No,Month-to-month,Bank transfer,92.51,4673.51,Yes
c025ac2f,Male,1,Yes,No,4,No,DSL,One year,Bank transfer,109.03,444.11,No
d107bca3,Male,1,No,No,65,Yes,DSL,Two year,Credit card,55.45,3513.8,No
b8fe7523,Male,1,Yes,No,69,Yes,Fiber optic,One year,Mailed check,104.45,7153.82,No
a99adb78,Male,0,No,Yes,47,No,Fiber optic,One year,Electronic check,65.43,3004.52,Yes
0d4473a9,Female,1,No,No,10,No,No,Two year,Credit card,56.93,574.55,No
610370a3,Female,0,No,Yes,21,Yes,Fiber optic,Two year,Mailed check,34.43,648.45,No
20ad1b3b,Female,0,Yes,Yes,72,Yes,Fiber optic,Two year,Electronic check,56.93,4189.32,No
a7fd9596,Female,0,Yes,No,48,No,Fiber optic,One year,Electronic check,50.49,2398.41,Yes
5519254e,Female,0,No,No,28,No,DSL,Month-to-month,Bank transfer,38.31,1120.61,No
5823df26,Female,0,No,No,44,Yes,No,Two year,Mailed check,98.13,4312.77,No
fba5b78f,Female,0,Yes,No,42,No,Fiber optic,Two year,Credit card,28.93,1240.01,No
8983ed2a,Male,0,Yes,Yes,12,Yes,No,Two year,Bank transfer,106.6,1320.64,No
30982855,Male,0,Yes,No,61,Yes,No,Two year,Mailed check,70.26,4189.59,No
ae4900ec,Female,1,Yes,No,69,No,Fiber optic,Month-to-month,Electronic check,80.69,5547.97,Yes
55986816,Male,0,Yes,No,33,No,DSL,Two year,Bank transfer,29.1,1056.26,Yes
a8d73f3d,Female,1,Yes,No,22,No,DSL,Month-to-month,Electronic check,25.89,661.8,Yes
c9513238,Male,0,No,No,34,Yes,DSL,Month-to-month,Mailed check,57.55,2022.25,No
fb9ee3ae,Male,0,Yes,No,35,Yes,DSL,One year,Credit card,26.06,905.06,No
2149c7f2,Male,1,Yes,No,32,Yes,Fiber optic,Month-to-month,Credit card,96.3,3111.91,Yes
ef37e918,Female,0,Yes,Yes,32,Yes,Fiber optic,Two year,Electronic check,73.75,2344.75,No
1b4b159b,Female,0,Yes,Yes,62,Yes,Fiber optic,Two year,Bank transfer,47.33,2884.64,No
a68a6d9a,Female,1,No,No,39,No,No,Month-to-month,Bank transfer,28.97,1169.52,Yes
130bb97f,Male,1,Yes,No,35,Yes,DSL,One year,Credit card,44.59,1657.25,Yes
ab5c3317,Male,1,Yes,No,2,Yes,No,Two year,Credit card,87.27,157.17,Yes
2096eccd,Male,0,Yes,No,46,No,Fiber optic,Two year,Credit card,117.2,5366.48,No
9c2811dd,Female,0,Yes,Yes,25,No,Fiber optic,Month-to-month,Bank transfer,64.46,1555.8,Yes
97c45f90,Female,0,Yes,No,47,No,No,Two year,Mailed check,23.68,1111.53,Yes
f3ab0a7b,Male,0,Yes,No,22,Yes,No,Two year,Mailed check,75.18,1685.93,No
35018dd6,Female,1,Yes,No,67,No,DSL,Two year,Bank transfer,92.89,6178.5,Yes
dbdcbfd2,Male,0,Yes,No,53,No,Fiber optic,One year,Bank transfer,47.4,2548.23,No
021cefd1,Male,0,No,Yes,69,Yes,Fiber optic,Month-to-month,Electronic check,64.89,4378.44,No
077c1785,Male,0,No,No,26,Yes,No,Two year,Electronic check,36.45,909.86,No
a9e9913e,Female,0,Yes,No,14,Yes,Fiber optic,Month-to-month,Mailed check,67.36,1034.8,No
eb756760,Female,0,Yes,No,11,No,Fiber optic,One year,Electronic check,117.45,1375.29,Yes
e4a2ea01,Female,1,Yes,Yes,9,No,Fiber optic,Month-to-month,Credit card,30.18,182.78,Yes
4bf1b917,Male,1,No,No,50,Yes,No,Two year,Electronic check,66.42,3306.62,No
831e5786,Female,0,No,No,14,No,No,Month-to-month,Mailed check,30.27,442.82,No
f63a6308,Female,1,No,Yes,57,Yes,DSL,Month-to-month,Mailed check,38.59,2127.16,No
7ecfab66,Male,0,No,No,61,Yes,DSL,One year,Mailed check,50.87,3071.65,No
d3019fbc,Female,1,No,No,26,No,Fiber optic,Month-to-month,Mailed check,84.06,2125.81,Yes
996647b0,Male,0,No,Yes,54,Yes,Fiber optic,Month-to-month,Mailed check,52.86,2775.41,Yes
93b2be18,Male,0,No,Yes,62,Yes,No,One year,Credit card,93.46,5885.04,No
379c4e4d,Male,1,Yes,Yes,46,No,Fiber optic,One year,Mailed check,23.0,981.04,Yes
dc004679,Male,0,No,Yes,23,Yes,Fiber optic,Month-to-month,Mailed check,41.89,915.87,Yes
0d717e89,Female,1,No,Yes,18,No,Fiber optic,Month-to-month,Mailed check,57.89,1099.5,Yes
a62dd3f5,Female,1,No,Yes,9,Yes,DSL,Month-to-month,Mailed check,31.85,363.19,Yes
e4a4eca7,Female,0,Yes,No,25,Yes,Fiber optic,Month-to-month,Mailed check,105.44,2594.84,Yes
10415a9c,Female,1,No,No,11,Yes,DSL,Two year,Mailed check,98.47,1141.37,No
275d356d,Female,1,Yes,Yes,42,Yes,No,One year,Credit card,91.25,3837.6,Yes
f8c2705a,Female,1,No,Yes,26,Yes,Fiber optic,Month-to-month,Credit card,65.21,1642.34,Yes
17e44a9d,Female,1,No,No,11,No,No,Month-to-month,Electronic check,49.5,548.26,Yes
4aa7d36a,Male,0,No,Yes,56,No,Fiber optic,One year,Credit card,60.9,3471.3,Yes
a5d09db3,Male,1,Yes,Yes,11,No,No,Two year,Electronic check,49.45,544.3,No
57164414,Female,1,Yes,Yes,5,No,Fiber optic,Two year,Bank transfer,74.6,339.75,No
5f940df6,Male,0,No,Yes,2,Yes,Fiber optic,One year,Credit card,97.01,150.39,Yes
9f4d17d8,Female,1,Yes,No,27,No,Fiber optic,Two year,Credit card,67.44,1824.05,No
bfee9065,Male,0,No,No,27,No,Fiber optic,Month-to-month,Mailed check,63.87,1795.08,Yes
eec09306,Male,1,Yes,Yes,29,No,No,One year,Bank transfer,61.91,1832.54,No
64eb993a,Female,0,No,No,51,Yes,DSL,One year,Credit card,118.02,5959.86,No
1be8ac7a,Male,0,No,No,22,Yes,No,Month-to-month,Credit card,30.43,680.04,Yes
74019cbc,Female,0,No,Yes,30,Yes,DSL,One year,Bank transfer,49.11,1478.18,Yes
457a6fd8,Female,0,No,No,17,Yes,Fiber optic,Month-to-month,Mailed check,73.65,1247.7,No
728fd608,Male,0,No,Yes,40,No,Fiber optic,Two year,Bank transfer,78.75,3150.5,Yes
fb09c188,Female,0,No,No,32,No,Fiber optic,One year,Credit card,72.59,2404.94,No
d7f21f6b,Female,0,No,No,51,Yes,Fiber optic,Month-to-month,Mailed check,81.3,4208.3,No
c95e120f,Male,1,Yes,No,13,No,DSL,Month-to-month,Bank transfer,59.36,860.82,No
f3832701,Female,1,Yes,Yes,71,No,No,Month-to-month,Bank transfer,32.12,2254.27,Yes
2def374a,Male,1,No,Yes,4,Yes,Fiber optic,Two year,Credit card,27.32,148.18,No
847538d6,Male,1,Yes,No,33,Yes,No,One year,Credit card,31.47,1121.94,No
e98caf04,Female,0,Yes,Yes,61,Yes,DSL,Month-to-month,Electronic check,102.04,6292.75,Yes
af88c73a,Male,0,Yes,No,35,No,No,Month-to-month,Electronic check,35.35,1208.87,Yes
1fad5d05,Male,1,Yes,Yes,57,No,DSL,One year,Mailed check,25.24,1339.61,No
a5ffa7b2,Male,0,Yes,Yes,4,Yes,No,Month-to-month,Electronic check,118.93,443.14,No
53be5abc,Female,0,No,Yes,54,Yes,No,One year,Mailed check,71.25,3910.62,No
52ab8ed6,Female,0,Yes,Yes,28,No,Fiber optic,Month-to-month,Bank transfer,30.59,821.19,Yes
181cd249,Male,0,No,Yes,48,No,Fiber optic,One year,Credit card,24.39,1247.81,No
c7c45ec5,Female,0,No,Yes,50,No,DSL,Two year,Bank transfer,87.79,4483.97,No
6b6e2434,Male,0,No,Yes,3,No,No,One year,Mailed check,80.85,259.56,Yes
fbccdcb5,Male,0,Yes,Yes,32,No,Fiber optic,One year,Bank transfer,81.98,2535.34,Yes
19f4d649,Male,1,No,No,43,Yes,No,Month-to-month,Credit card,33.43,1401.0,No
2ea36bd8,Male,1,No,Yes,27,Yes,DSL,Two year,Mailed check,73.93,2077.44,No
f824d354,Male,0,Yes,Yes,63,No,DSL,Two year,Mailed check,27.0,1639.49,Yes
fbfb5d6e,Female,0,Yes,No,60,No,Fiber optic,Month-to-month,Mailed check,51.15,3113.33,Yes
663731ea,Female,1,Yes,No,11,Yes,DSL,One year,Credit card,115.1,1238.02,Yes
3dedbc91,Female,0,No,No,49,No,No,One year,Mailed check,62.74,2990.91,No
c4d33cf9,Male,0,Yes,Yes,49,No,DSL,One year,Credit card,76.21,3730.46,Yes
39fdacf1,Male,1,No,Yes,63,Yes,No,One year,Bank transfer,60.46,3792.14,No
c0350a26,Female,1,Yes,No,50,No,Fiber optic,One year,Bank transfer,113.21,5592.97,No
24eace3e,Female,0,Yes,No,32,Yes,No,One year,Electronic check,44.24,1322.58,No
a027010b,Male,1,Yes,No,21,Yes,No,Two year,Credit card,21.23,500.02,No
3b60cb2d,Male,1,Yes,No,55,Yes,No,Two year,Credit card,45.29,2451.39,No
fc040700,Female,0,Yes,Yes,35,Yes,No,One year,Bank transfer,94.87,3406.45,No
8f00df59,Male,0,Yes,No,54,Yes,Fiber optic,Two year,Mailed check,72.5,3945.9,No
c87b24d7,Male,0,No,No,65,No,DSL,Month-to-month,Mailed check,114.85,7455.38,No
f25ff678,Female,0,Yes,Yes,14,No,DSL,One year,Credit card,106.84,1428.99,Yes
28719560,Male,0,No,No,63,No,Fiber optic,Month-to-month,Electronic check,87.28,5418.8,Yes
7b324306,Female,1,No,No,61,Yes,Fiber optic,One year,Bank transfer,95.69,5857.96,No
1062393e,Male,0,No,Yes,46,No,Fiber optic,Month-to-month,Credit card,107.31,4997.51,Yes
7e66e7f9,Female,0,Yes,No,58,Yes,No,One year,Credit card,81.84,4778.5,Yes
ade9e0d1,Female,1,Yes,No,42,No,Fiber optic,One year,Electronic check,87.79,3633.89,Yes
09834573,Male,0,No,No,25,Yes,No,Two year,Electronic check,91.19,2353.72,No
e4cefe8d,Male,0,Yes,No,58,Yes,DSL,Two year,Mailed check,115.51,6696.01,Yes
49deb7fb,Male,1,Yes,No,21,Yes,Fiber optic,One year,Mailed check,112.9,2336.2,No
ed923b37,Female,1,No,Yes,43,Yes,DSL,Two year,Bank transfer,107.19,4695.53,No
7eaaa5b9,Male,0,No,No,34,Yes,Fiber optic,Month-to-month,Mailed check,31.57,990.92,Yes
d52df677,Male,1,Yes,Yes,40,No,Fiber optic,One year,Bank transfer,26.19,1054.72,No
2849c43b,Male,1,No,Yes,2,Yes,Fiber optic,Month-to-month,Mailed check,73.83,139.78,Yes
7becca80,Female,0,Yes,No,41,Yes,Fiber optic,Month-to-month,Credit card,50.89,2184.56,Yes
db1a03a0,Female,0,No,Yes,27,Yes,No,Month-to-month,Electronic check,104.81,2916.76,No
d04300d8,Female,1,No,Yes,71,No,Fiber optic,One year,Credit card,59.23,4189.82,Yes
f648184e,Male,1,No,No,13,No,DSL,Two year,Bank transfer,33.09,480.62,No
a057a9a0,Male,1,Yes,No,19,No,No,Month-to-month,Electronic check,40.98,839.49,No
c7df16a6,Female,0,No,Yes,22,No,DSL,One year,Electronic check,112.6,2396.41,No
9b3f8932,Male,1,No,No,32,No,Fiber optic,One year,Mailed check,23.4,696.97,No
ba5c375f,Female,0,No,Yes,57,Yes,DSL,Month-to-month,Credit card,56.73,3157.61,Yes
d65f7db3,Male,0,No,Yes,50,No,Fiber optic,One year,Mailed check,68.42,3449.92,No
9ff1447c,Male,0,Yes,Yes,72,Yes,Fiber optic,Two year,Electronic check,101.75,7382.69,No
e72f72af,Male,0,No,Yes,1,Yes,DSL,Month-to-month,Mailed check,75.47,135.57,Yes
bf2ced14,Male,0,No,No,16,Yes,DSL,Two year,Credit card,70.61,1102.47,No
d9d5b87e,Male,0,Yes,Yes,63,Yes,No,One year,Mailed check,89.51,5643.66,No
451b5d2d,Female,1,Yes,No,19,No,No,Month-to-month,Mailed check,49.97,1015.96,Yes
67e03507,Male,1,Yes,Yes,49,No,DSL,One year,Bank transfer,84.98,4096.68,No
64bb51cb,Female,1,No,No,25,Yes,No,Two year,Mailed check,91.44,2298.73,No
5e173178,Male,0,No,No,32,No,No,Month-to-month,Credit card,27.75,812.92,Yes
28bc9a8d,Male,0,Yes,Yes,19,No,DSL,Month-to-month,Credit card,106.89,1976.06,Yes
0f4b7770,Male,0,No,No,63,Yes,Fiber optic,Two year,Bank transfer,29.55,1831.43,No
f21c9f67,Female,1,Yes,Yes,45,Yes,No,Two year,Credit card,100.61,4563.01,No
a8b8adb6,Female,0,No,Yes,19,No,No,Month-to-month,Bank transfer,57.88,1146.8,No
cac56fc4,Male,1,No,No,46,No,Fiber optic,One year,Mailed check,99.85,4593.55,No
9d9d0515,Female,0,No,Yes,12,No,DSL,Month-to-month,Mailed check,83.47,916.98,Yes
8db2a45e,Male,1,Yes,No,66,No,No,One year,Electronic check,113.24,7401.13,Yes
66b0d697,Male,1,Yes,Yes,32,No,No,Two year,Electronic check,119.42,3853.67,No
e215b0a9,Male,0,No,Yes,18,Yes,Fiber optic,One year,Credit card,71.37,1375.16,No
6936902a,Male,0,No,No,38,Yes,DSL,Month-to-month,Credit card,49.92,1855.67,No
11a5d46f,Male,0,No,No,46,Yes,Fiber optic,One year,Electronic check,20.59,939.21,No
4c440f9f,Female,1,Yes,Yes,13,No,No,Two year,Mailed check,63.08,759.55,Yes
9113e535,Female,1,No,Yes,29,Yes,Fiber optic,One year,Mailed check,67.07,1919.89,Yes
7af7c0d5,Male,0,No,No,46,No,DSL,Two year,Electronic check,94.71,4257.82,Yes
160b6aa4,Female,0,Yes,No,5,No,No,One year,Bank transfer,36.03,119.95,No
81f0d148,Male,0,Yes,No,65,Yes,DSL,One year,Electronic check,92.6,6067.38,No
5bf86480,Female,1,No,Yes,31,No,No,One year,Electronic check,25.2,847.17,No
20839dea,Male,0,No,Yes,32,No,DSL,Month-to-month,Bank transfer,81.76,2662.17,No
fe005fc7,Female,0,Yes,No,14,Yes,DSL,Month-to-month,Mailed check,90.11,1262.01,Yes
a28d74b6,Male,1,Yes,No,19,No,DSL,Month-to-month,Credit card,62.63,1213.26,Yes
20d672a5,Female,1,No,Yes,62,No,Fiber optic,Month-to-month,Electronic check,26.13,1605.47,Yes
b7064826,Female,0,Yes,No,7,Yes,No,Two year,Bank transfer,38.18,167.37,Yes
9ee5d67b,Male,0,No,No,33,No,DSL,One year,Electronic check,114.83,3762.11,No
feb67549,Male,0,Yes,Yes,68,Yes,DSL,One year,Credit card,80.47,5419.61,No
40fd8bad,Male,1,Yes,Yes,25,Yes,No,Month-to-month,Bank transfer,90.47,2346.85,No
9a1f4daa,Male,1,No,Yes,25,No,Fiber optic,Two year,Bank transfer,61.82,1587.82,No
9f90fa53,Male,0,Yes,No,54,No,DSL,Month-to-month,Bank transfer,72.38,3999.01,Yes
951874e3,Female,1,Yes,Yes,69,Yes,Fiber optic,Month-to-month,Credit card,107.03,7479.38,Yes
efa93486,Male,1,No,No,21,Yes,No,Month-to-month,Credit card,77.19,1639.41,Yes
39fef7d7,Female,1,Yes,Yes,22,Yes,DSL,One year,Mailed check,42.39,939.29,No
af5a0bce,Female,1,Yes,No,69,No,No,Two year,Bank transfer,31.62,2211.51,Yes
aa4dbb06,Male,1,Yes,No,42,No,Fiber optic,Month-to-month,Mailed check,118.53,5003.45,Yes
05658ec5,Male,1,No,No,71,Yes,Fiber optic,One year,Mailed check,40.62,2872.46,Yes
75d7419b,Male,1,No,Yes,62,No,DSL,Month-to-month,Mailed check,29.37,1757.24,No
0338007f,Female,0,Yes,No,21,No,No,Two year,Mailed check,108.53,2342.63,Yes
2b737704,Male,1,Yes,Yes,13,Yes,No,Month-to-month,Electronic check,92.43,1129.05,Yes
1e3ea6d9,Male,0,No,Yes,32,Yes,No,Two year,Electronic check,97.01,3057.85,No
24eea362,Male,1,Yes,No,18,Yes,DSL,One year,Bank transfer,68.04,1237.29,No
a8fd7d0e,Male,0,Yes,Yes,3,No,DSL,One year,Credit card,102.49,228.03,Yes
c72cdb55,Male,0,Yes,Yes,50,No,No,Month-to-month,Credit card,34.74,1768.07,Yes
4be61a85,Female,0,Yes,No,46,Yes,DSL,One year,Electronic check,27.63,1237.72,Yes
c010fe3e,Male,1,Yes,Yes,39,Yes,Fiber optic,Month-to-month,Credit card,82.48,3174.12,No
d8f65197,Female,1,Yes,Yes,41,No,DSL,One year,Electronic check,34.78,1415.32,No
2175873d,Female,1,No,Yes,17,Yes,Fiber optic,One year,Credit card,38.19,626.23,No
55b2b94e,Female,1,Yes,Yes,50,Yes,Fiber optic,Two year,Mailed check,61.87,3092.92,Yes
9e2ff998,Male,0,No,No,47,Yes,Fiber optic,Month-to-month,Credit card,20.29,1052.41,No
afb3e804,Male,0,Yes,Yes,38,Yes,Fiber optic,Two year,Mailed check,66.04,2576.57,No
eb1e2236,Male,0,No,Yes,49,Yes,Fiber optic,One year,Electronic check,93.31,4611.41,No
0bdcab98,Female,0,Yes,No,19,No,DSL,Month-to-month,Credit card,56.52,989.68,No
2de88560,Male,1,Yes,Yes,53,Yes,No,Two year,Electronic check,92.26,4878.57,Yes
4fc30f08,Female,1,Yes,No,2,Yes,No,One year,Bank transfer,59.64,104.0,No
7a5ee578,Male,0,Yes,No,67,No,DSL,Two year,Credit card,57.76,3960.13,No
954ce80e,Male,1,No,Yes,41,Yes,DSL,One year,Electronic check,85.27,3477.09,No
d96889fe,Male,1,Yes,Yes,10,Yes,DSL,One year,Mailed check,56.27,618.46,Yes
4f2fd50b,Male,0,No,Yes,40,Yes,DSL,Month-to-month,Bank transfer,38.77,1491.15,No
b0a37ad7,Female,0,No,Yes,41,Yes,Fiber optic,One year,Credit card,29.32,1163.84,No
723bccc0,Female,0,No,Yes,43,No,No,Month-to-month,Mailed check,60.73,2659.68,No
3136fb85,Male,0,Yes,No,21,No,DSL,Two year,Mailed check,35.15,730.77,No
bb0a8101,Male,0,Yes,No,17,Yes,DSL,One year,Credit card,53.9,888.36,No
fe9bc845,Male,0,No,Yes,2,Yes,DSL,Two year,Credit card,34.26,142.61,No
8fe04248,Female,1,No,Yes,36,Yes,DSL,Month-to-month,Credit card,77.65,2766.07,No
70937a0a,Female,1,No,Yes,63,No,Fiber optic,One year,Mailed check,23.96,1581.28,No
589bc7b1,Male,0,Yes,Yes,65,No,DSL,Two year,Electronic check,65.01,4301.13,No
1f0f91fe,Female,1,No,No,49,No,DSL,Month-to-month,Credit card,35.82,1735.04,No
a6249bb9,Female,1,No,No,14,Yes,Fiber optic,One year,Mailed check,28.58,446.48,No
2caa8a19,Female,0,Yes,No,61,Yes,DSL,Two year,Credit card,31.43,1908.15,No
5f55bc3c,Female,0,No,No,47,Yes,DSL,Month-to-month,Mailed check,98.96,4746.83,No
0c5e2f08,Female,1,Yes,Yes,11,Yes,Fiber optic,Month-to-month,Credit card,34.17,330.65,Yes
2201d661,Male,1,No,No,55,No,DSL,Month-to-month,Bank transfer,54.2,3031.64,Yes
dda1ae84,Female,1,Yes,Yes,2,No,DSL,Month-to-month,Mailed check,76.09,230.94,Yes
73c948e1,Male,0,No,Yes,19,Yes,Fiber optic,Two year,Bank transfer,69.94,1292.14,No
d6fbac6d,Male,1,Yes,Yes,28,No,No,Two year,Mailed check,94.57,2585.49,Yes
3bf6982d,Female,1,No,No,47,No,DSL,Two year,Credit card,21.62,1095.47,No
cec9ed55,Female,1,No,Yes,15,Yes,DSL,One year,Mailed check,112.63,1681.21,No
fafb4e5d,Male,0,No,No,14,Yes,DSL,One year,Credit card,28.96,308.73,No
404e1bb3,Female,0,No,No,29,Yes,DSL,Month-to-month,Credit card,97.69,2843.33,Yes
00a0820b,Female,1,Yes,Yes,48,No,No,One year,Bank transfer,98.22,4716.07,No
d4acebc8,Female,1,Yes,No,5,Yes,No,One year,Bank transfer,21.55,38.43,Yes
2ff8e99e,Male,1,No,No,51,Yes,Fiber optic,Two year,Mailed check,102.85,5305.62,No
b8902148,Female,1,Yes,No,56,Yes,No,Month-to-month,Electronic check,43.1,2455.6,No
60cef91d,Male,0,No,Yes,12,Yes,No,Two year,Mailed check,29.33,339.44,No
c5a1b331,Male,1,No,No,59,Yes,DSL,Month-to-month,Mailed check,83.45,4979.07,Yes
7e7259a3,Male,0,Yes,Yes,36,No,No,Month-to-month,Electronic check,28.3,947.55,Yes
29602a6a,Male,1,No,Yes,34,No,Fiber optic,One year,Mailed check,109.46,3640.2,Yes
60fe6b97,Male,0,Yes,Yes,10,Yes,No,One year,Credit card,41.03,394.28,Yes
eec250fd,Female,0,Yes,Yes,44,Yes,No,Two year,Electronic check,119.37,5249.06,No
bf78a58c,Male,0,No,Yes,69,Yes,DSL,Month-to-month,Bank transfer,22.3,1541.05,No
0a1fa7fe,Female,0,No,No,11,No,Fiber optic,One year,Credit card,92.77,1108.44,No
73dbfe5d,Female,0,No,Yes,56,No,Fiber optic,Month-to-month,Mailed check,71.27,3971.11,No
84c07127,Female,1,No,Yes,22,No,Fiber optic,One year,Credit card,99.41,2277.77,No
4a041aae,Female,0,No,No,55,No,DSL,Two year,Credit card,39.97,2168.93,No
89467a21,Male,1,No,No,51,Yes,Fiber optic,One year,Mailed check,22.99,1108.47,Yes
6a7aaa57,Female,0,Yes,Yes,41,No,No,Month-to-month,Bank transfer,32.23,1285.15,Yes
1c58d43f,Female,0,No,No,37,No,No,Month-to-month,Bank transfer,80.18,2972.11,Yes
bfc6e873,Female,1,Yes,No,26,No,DSL,One year,Bank transfer,39.71,1093.01,Yes
056bf12b,Female,1,Yes,Yes,31,No,No,Two year,Electronic check,77.64,2363.85,No
bab9d097,Female,1,No,Yes,3,No,No,One year,Bank transfer,26.95,-0.13,Yes
892ddc1c,Male,0,Yes,Yes,64,Yes,Fiber optic,Two year,Credit card,81.23,5177.39,No
f11a3ca7,Male,0,No,Yes,2,Yes,No,Two year,Credit card,33.87,166.45,Yes
cd3f71be,Female,1,No,Yes,34,Yes,Fiber optic,Month-to-month,Electronic check,108.33,3591.84,Yes
134e643b,Male,1,No,No,59,No,No,Month-to-month,Credit card,31.99,1851.28,No
a69a80bc,Male,0,Yes,Yes,42,Yes,Fiber optic,Month-to-month,Bank transfer,97.26,4081.46,Yes
4108cd8c,Female,0,Yes,No,64,No,Fiber optic,Month-to-month,Credit card,26.03,1568.55,Yes
567dac5e,Female,1,Yes,No,59,Yes,DSL,Month-to-month,Mailed check,85.53,5115.83,Yes
c5652470,Male,0,Yes,Yes,9,Yes,No,One year,Electronic check,47.78,362.86,No
746e7979,Male,1,No,No,59,Yes,No,Two year,Credit card,38.7,2189.02,No
11136a6d,Male,1,No,No,20,Yes,DSL,One year,Credit card,59.69,1179.97,No
db2df527,Male,1,Yes,Yes,38,Yes,No,One year,Credit card,38.94,1415.05,Yes
42e0a6cc,Female,0,No,No,15,Yes,DSL,One year,Electronic check,25.31,286.79,No
0afd3597,Female,0,No,No,29,Yes,Fiber optic,One year,Mailed check,93.39,2784.22,No
f700d1b6,Male,0,Yes,Yes,13,No,Fiber optic,Two year,Bank transfer,38.51,582.19,Yes
c9f58873,Female,0,Yes,Yes,59,Yes,Fiber optic,One year,Bank transfer,34.18,1919.17,Yes
b2b33f38,Male,0,No,Yes,46,Yes,DSL,One year,Credit card,116.95,5396.33,Yes
8d791c18,Female,1,No,No,19,No,Fiber optic,Two year,Credit card,97.53,1773.07,No
d991f2fa,Male,0,Yes,No,59,Yes,Fiber optic,Two year,Credit card,21.36,1230.77,Yes
09abeff9,Male,1,Yes,No,19,Yes,No,Two year,Credit card,55.72,964.86,No
efcf074c,Female,1,No,No,36,No,No,One year,Mailed check,107.71,3913.32,No
14b3e53e,Female,0,No,No,36,Yes,No,Two year,Bank transfer,50.93,1741.7,No
8ec2c693,Male,1,No,No,2,No,No,One year,Mailed check,69.89,176.89,No
5b6637e0,Female,0,Yes,No,9,No,DSL,Month-to-month,Bank transfer,99.98,802.94,Yes
c4acd53c,Male,0,Yes,No,1,Yes,No,One year,Mailed check,24.99,-47.47,No
c7be855b,Male,1,No,No,38,No,DSL,One year,Credit card,41.89,1586.46,No
f47a7af5,Female,0,Yes,No,23,No,No,One year,Mailed check,76.39,1792.75,No
c62333ed,Female,1,Yes,Yes,11,No,No,One year,Mailed check,49.73,632.45,No
36498af0,Female,1,No,Yes,41,Yes,Fiber optic,One year,Bank transfer,70.38,2922.61,No
91a20af6,Female,0,Yes,No,54,Yes,DSL,One year,Bank transfer,28.84,1485.48,No
8a0d64cc,Male,0,No,Yes,52,No,Fiber optic,Two year,Electronic check,87.01,4517.08,Yes
1c19e0c0,Female,0,Yes,Yes,62,Yes,No,Month-to-month,Electronic check,89.06,5594.58,Yes
05736d40,Male,0,Yes,Yes,39,Yes,Fiber optic,Month-to-month,Mailed check,82.82,3273.81,Yes
14ef5e2c,Female,0,No,No,27,Yes,Fiber optic,Two year,Credit card,30.36,724.65,No
8e7ba99a,Male,0,Yes,Yes,31,Yes,No,Two year,Credit card,104.17,3238.61,No
bb96ae54,Male,1,No,No,22,No,Fiber optic,Month-to-month,Credit card,71.15,1605.23,Yes
aae9dab1,Female,0,Yes,No,51,Yes,Fiber optic,One year,Credit card,58.58,3047.55,Yes
4dacc5b2,Female,0,Yes,No,39,No,No,Two year,Credit card,23.41,943.07,No
bb74311c,Female,1,Yes,Yes,36,Yes,No,Two year,Mailed check,20.91,684.42,No
f2861797,Female,1,No,Yes,46,No,No,One year,Mailed check,85.59,3949.77,No
b321ee84,Female,0,No,Yes,49,Yes,No,Month-to-month,Bank transfer,116.26,5717.91,Yes
81e0abd3,Female,1,No,Yes,4,Yes,No,Month-to-month,Electronic check,105.2,352.64,No
fb87f1a2,Male,0,Yes,Yes,14,No,Fiber optic,One year,Electronic check,109.98,1474.52,No
8ef697fc,Male,1,Yes,No,48,No,Fiber optic,Month-to-month,Electronic check,80.65,3939.34,Yes
f029d4d5,Male,0,Yes,Yes,57,Yes,DSL,Two year,Credit card,87.88,4954.26,Yes
d4362ab7,Female,1,Yes,Yes,18,No,No,One year,Electronic check,109.33,1939.85,Yes
d8d13853,Female,1,Yes,Yes,65,Yes,DSL,Two year,Electronic check,55.21,3612.35,No
87180156,Female,0,No,No,67,No,DSL,Month-to-month,Bank transfer,49.82,3261.53,Yes
5ffb92d9,Male,1,Yes,No,9,No,DSL,One year,Mailed check,107.24,896.73,Yes
d154ed72,Female,0,Yes,Yes,4,No,Fiber optic,Month-to-month,Electronic check,23.23,77.2,Yes
ba9bdc2d,Female,1,Yes,No,10,Yes,No,Two year,Electronic check,100.57,1018.47,No
32111fc2,Female,1,Yes,Yes,35,Yes,No,One year,Mailed check,92.33,3152.36,No
fb675afc,Male,0,No,No,4,Yes,No,Two year,Credit card,97.36,451.71,No
bbd3575f,Female,1,No,Yes,56,Yes,Fiber optic,Month-to-month,Electronic check,90.13,5057.19,Yes
6e62045c,Male,0,Yes,Yes,30,Yes,No,One year,Electronic check,29.2,778.01,No
03c4fb1a,Female,1,No,Yes,17,Yes,Fiber optic,One year,Mailed check,63.86,1042.14,Yes
52989b6e,Female,0,No,No,10,Yes,No,One year,Bank transfer,45.02,458.93,No
d40efd18,Female,0,No,No,68,Yes,No,Two year,Electronic check,109.3,7396.17,Yes
b3f58bd8,Male,0,Yes,Yes,27,No,DSL,Two year,Bank transfer,111.2,3070.69,Yes
5b011f04,Male,1,Yes,No,59,No,Fiber optic,Month-to-month,Bank transfer,115.3,6706.96,Yes
2bf5734b,Female,0,Yes,No,64,Yes,DSL,One year,Mailed check,21.88,1376.84,No
3922d3a8,Female,0,No,No,70,Yes,Fiber optic,Two year,Bank transfer,96.3,6828.44,No
805c2a7d,Female,1,Yes,No,14,No,Fiber optic,Two year,Credit card,75.33,1145.11,No
3c8c8f15,Female,0,No,No,31,Yes,Fiber optic,Two year,Electronic check,33.19,931.93,No
3927d0e2,Female,0,No,Yes,36,No,No,Two year,Electronic check,56.17,2053.97,No
c4ef6f53,Male,0,No,No,60,Yes,Fiber optic,Month-to-month,Credit card,21.73,1205.57,Yes
1daf494e,Male,0,Yes,Yes,57,Yes,Fiber optic,One year,Credit card,37.98,2218.06,Yes
a3cfc5a5,Male,0,Yes,No,15,No,Fiber optic,Two year,Bank transfer,85.46,1218.75,No
abba8fb6,Male,0,No,Yes,3,Yes,No,One year,Electronic check,87.84,335.02,Yes
aa12ecf2,Male,1,Yes,No,31,No,Fiber optic,Two year,Electronic check,40.4,1266.47,No
c0fc525c,Male,0,No,Yes,43,Yes,Fiber optic,One year,Bank transfer,117.51,5132.41,Yes
fb7a56f8,Male,0,Yes,No,14,Yes,No,Two year,Bank transfer,80.9,1194.21,No
2f250f03,Male,0,No,No,10,No,No,Two year,Credit card,115.86,1257.06,No
ba9b0d5d,Female,1,Yes,Yes,35,No,Fiber optic,Month-to-month,Mailed check,39.5,1397.55,Yes
8764a1c9,Female,1,No,Yes,53,Yes,DSL,Two year,Bank transfer,56.19,2948.47,No
4551b8c0,Female,1,No,Yes,69,Yes,No,Two year,Mailed check,44.49,3151.66,No
1a1318b4,Male,0,Yes,Yes,53,No,Fiber optic,Two year,Mailed check,62.1,3387.95,No
f7d33bc7,Female,0,Yes,Yes,34,Yes,No,One year,Electronic check,96.55,3324.98,No
bcc142f6,Male,0,No,Yes,17,No,Fiber optic,One year,Bank transfer,71.49,1221.19,No
e6a15d9d,Female,1,No,No,44,No,DSL,Two year,Electronic check,79.15,3505.93,No
6b935e55,Female,0,No,No,62,No,No,Two year,Electronic check,90.01,5627.31,No
386c5607,Male,1,No,No,57,No,DSL,One year,Mailed check,37.67,2191.7,No
4f5198c5,Female,1,Yes,No,50,No,DSL,Month-to-month,Mailed check,51.86,2528.68,Yes
d0fbaaeb,Female,1,Yes,Yes,22,No,DSL,One year,Mailed check,31.86,655.69,No
685bd23a,Male,0,Yes,No,19,Yes,DSL,Two year,Electronic check,29.6,572.83,No
4b32868b,Female,0,Yes,Yes,48,No,Fiber optic,Two year,Credit card,40.31,2023.24,No
f71750ac,Male,1,Yes,No,56,Yes,Fiber optic,Month-to-month,Electronic check,69.33,3799.85,No
4092cd9f,Male,1,No,Yes,65,No,No,Two year,Electronic check,53.53,3470.14,No
17355533,Female,0,Yes,Yes,25,No,DSL,Two year,Electronic check,104.14,2635.73,Yes
ea65b23a,Male,0,Yes,Yes,61,No,Fiber optic,Two year,Bank transfer,35.14,2206.31,Yes
87908076,Female,1,Yes,No,9,No,DSL,Two year,Electronic check,69.07,643.87,No
d6105553,Female,1,No,No,68,No,DSL,One year,Bank transfer,85.69,5762.93,No
cef01711,Female,1,Yes,Yes,13,No,Fiber optic,One year,Credit card,41.89,637.15,Yes
89cb2e98,Female,1,No,Yes,41,Yes,No,One year,Mailed check,86.06,3497.98,No
e7abe111,Female,1,No,No,38,No,DSL,One year,Bank transfer,46.79,1721.04,No
ac5a92a8,Male,1,No,No,52,No,No,One year,Mailed check,46.07,2306.57,No
2911b851,Male,1,Yes,No,29,Yes,No,Month-to-month,Electronic check,77.25,2173.56,Yes
050f36a4,Male,0,Yes,No,43,Yes,DSL,Two year,Electronic check,111.22,4835.83,No
9eaed047,Male,0,Yes,Yes,38,No,Fiber optic,One year,Mailed check,100.13,3887.07,No
60335f48,Male,0,No,No,63,Yes,DSL,Month-to-month,Mailed check,24.23,1483.11,Yes
8bade495,Male,0,Yes,No,35,Yes,No,Two year,Credit card,106.2,3632.31,Yes
c15e678c,Male,1,No,No,40,No,DSL,Two year,Bank transfer,98.48,3924.23,No
10cdaebf,Male,1,No,Yes,38,No,No,One year,Bank transfer,62.95,2336.55,No
26dca717,Male,0,No,Yes,51,No,DSL,Two year,Credit card,115.15,5925.19,No
ede6ec97,Male,0,Yes,No,48,Yes,Fiber optic,One year,Mailed check,67.68,3170.43,Yes
a98fdfd6,Female,0,No,No,11,No,No,One year,Mailed check,34.13,398.73,No
b8033e61,Female,1,No,No,20,Yes,Fiber optic,Two year,Electronic check,23.65,510.8,No
545e7244,Male,0,No,Yes,42,Yes,No,Two year,Electronic check,66.14,2774.48,No
154dbe78,Female,0,Yes,No,21,Yes,Fiber optic,Month-to-month,Electronic check,71.99,1436.09,No
d4fc9ebd,Female,1,Yes,Yes,71,No,Fiber optic,Month-to-month,Bank transfer,61.81,4290.36,Yes
f8b9e553,Female,1,Yes,Yes,67,No,Fiber optic,Two year,Bank transfer,88.5,5990.06,No
4e16bb0c,Male,1,Yes,No,2,No,DSL,One year,Electronic check,51.77,39.39,No
426e114d,Male,0,Yes,No,13,No,DSL,Month-to-month,Bank transfer,26.11,333.17,Yes
09ea99f1,Male,0,Yes,Yes,55,No,Fiber optic,Two year,Bank transfer,78.45,4275.9,Yes
1e87587d,Female,1,No,Yes,23,Yes,No,Two year,Credit card,46.29,985.13,No
a89a3fe5,Male,0,No,Yes,1,Yes,No,Month-to-month,Mailed check,98.34,196.16,Yes
06a67b7f,Male,1,Yes,No,18,No,Fiber optic,Two year,Bank transfer,71.17,1269.0,No
4b4c40ee,Female,0,Yes,No,50,No,Fiber optic,Two year,Electronic check,90.62,4502.0,No
ef22e663,Female,1,No,No,63,No,No,Month-to-month,Credit card,89.51,5589.24,Yes
d41d0ab6,Male,0,Yes,No,28,No,Fiber optic,Month-to-month,Bank transfer,81.7,2362.86,No
80aa70cc,Male,1,No,Yes,68,No,DSL,One year,Bank transfer,39.49,2702.56,No
8427915f,Male,0,No,No,62,No,Fiber optic,Two year,Bank transfer,59.83,3808.61,No
c20691d3,Male,1,Yes,Yes,23,Yes,DSL,Two year,Electronic check,67.34,1623.81,Yes
c7a958e4,Female,1,Yes,Yes,54,No,No,One year,Electronic check,103.41,5508.03,Yes
a56ae4ac,Female,0,No,Yes,41,Yes,No,Two year,Bank transfer,109.77,4434.41,No
26ebb024,Female,0,Yes,No,25,Yes,Fiber optic,Two year,Electronic check,102.5,2562.81,Yes
aa245782,Female,0,Yes,Yes,1,Yes,Fiber optic,Month-to-month,Credit card,51.12,63.23,Yes
2e197a45,Male,0,No,No,24,Yes,No,Two year,Electronic check,92.96,2168.17,No
1e395782,Female,1,Yes,No,32,Yes,No,Month-to-month,Mailed check,50.78,1661.14,Yes
61f35f3c,Female,1,No,Yes,41,No,DSL,One year,Mailed check,61.4,2584.46,No
6b614ef1,Female,0,Yes,Yes,46,No,No,Two year,Credit card,77.87,3551.79,Yes
d195c338,Male,1,No,Yes,45,No,DSL,One year,Bank transfer,84.6,3843.4,Yes
5e9764fb,Female,1,No,No,34,Yes,No,Two year,Mailed check,23.14,709.82,Yes
1bd386e4,Male,1,Yes,No,42,No,DSL,Month-to-month,Credit card,90.13,3811.35,Yes
49c1dec2,Female,1,Yes,No,21,No,Fiber optic,Month-to-month,Credit card,66.68,1337.51,No
688cbe2a,Female,1,No,Yes,44,Yes,DSL,Month-to-month,Electronic check,68.26,2983.67,Yes
dcb506da,Female,0,Yes,Yes,66,No,No,Two year,Mailed check,36.64,2378.36,Yes
507c1e5d,Male,0,No,No,19,Yes,Fiber optic,Month-to-month,Electronic check,100.15,1894.59,Yes
4188c27c,Female,0,Yes,No,24,Yes,No,Month-to-month,Mailed check,43.62,987.54,No
0db15d26,Female,1,Yes,Yes,45,No,No,One year,Mailed check,29.99,1359.52,No
e4dadd9b,Male,1,No,No,17,Yes,Fiber optic,One year,Bank transfer,51.84,968.33,No
50e6191d,Male,1,No,Yes,29,Yes,Fiber optic,Month-to-month,Bank transfer,108.56,3083.87,Yes
e797440f,Male,1,No,Yes,18,No,Fiber optic,One year,Electronic check,69.99,1168.67,No
c2a3d628,Male,0,No,Yes,40,No,Fiber optic,Month-to-month,Credit card,58.68,2411.46,Yes
bafa9817,Female,0,No,Yes,13,No,DSL,Month-to-month,Bank transfer,85.59,1093.56,Yes
e4ab0e78,Female,1,No,No,52,Yes,Fiber optic,One year,Electronic check,62.25,3147.9,No
bfdf433a,Female,0,Yes,No,23,No,No,One year,Electronic check,118.07,2721.95,Yes
37bec670,Female,0,No,No,7,No,Fiber optic,One year,Bank transfer,66.48,373.33,No
037516e1,Female,1,No,No,38,Yes,DSL,One year,Bank transfer,96.68,3578.55,No
3885dca0,Male,0,Yes,Yes,15,No,Fiber optic,Two year,Mailed check,55.72,743.12,Yes
7404737f,Female,1,No,Yes,56,Yes,No,One year,Mailed check,109.27,6088.2,Yes
55e1dcd8,Male,1,No,Yes,13,No,Fiber optic,Month-to-month,Bank transfer,58.19,852.52,Yes
0e57912e,Female,0,Yes,No,15,No,No,One year,Mailed check,99.36,1504.58,No
932d0246,Female,1,Yes,Yes,24,No,Fiber optic,Two year,Mailed check,47.69,1178.85,Yes
c9a0c3ac,Female,0,Yes,Yes,17,No,Fiber optic,Two year,Electronic check,47.48,799.65,Yes
7d82c301,Male,1,No,No,59,No,No,One year,Credit card,78.79,4675.56,No
b3b1624a,Female,0,No,Yes,45,Yes,Fiber optic,Two year,Mailed check,102.26,4532.06,No
273da5d7,Female,1,No,No,63,Yes,No,Month-to-month,Bank transfer,76.13,4765.25,Yes
a8c6c844,Male,1,No,No,20,Yes,No,One year,Credit card,82.49,1583.15,No
2ad58ad1,Male,1,No,Yes,49,Yes,DSL,Two year,Electronic check,112.12,5420.22,Yes
24205dda,Male,1,No,No,52,Yes,Fiber optic,Month-to-month,Bank transfer,75.01,3870.92,No
6e67ea6a,Female,1,No,Yes,52,Yes,DSL,One year,Mailed check,69.48,3605.74,No
93ed5ec2,Male,0,Yes,No,50,Yes,Fiber optic,One year,Mailed check,78.02,3884.62,No
601815e0,Female,1,Yes,Yes,42,No,Fiber optic,Two year,Electronic check,80.98,3334.45,Yes
ffdd9b07,Male,1,Yes,Yes,48,No,No,One year,Mailed check,92.31,4378.74,Yes
59b7f8f6,Female,0,Yes,Yes,59,No,DSL,Month-to-month,Credit card,44.5,2646.15,No
1525cbdf,Female,1,No,Yes,9,Yes,Fiber optic,Two year,Credit card,20.69,92.67,Yes
3ffbf0de,Female,1,No,Yes,57,Yes,Fiber optic,One year,Electronic check,68.08,3925.77,No
b4e31d48,Female,1,Yes,Yes,19,No,DSL,Two year,Mailed check,104.71,2041.08,No
7ee9c7d0,Female,1,No,No,27,No,DSL,Two year,Credit card,46.45,1220.16,No
fdce10a4,Female,0,Yes,Yes,43,No,Fiber optic,Two year,Electronic check,98.74,4285.73,Yes
c2d555b7,Female,1,Yes,Yes,47,Yes,DSL,Two year,Bank transfer,91.38,4256.19,No
a647dc6d,Male,1,No,No,38,No,DSL,Month-to-month,Mailed check,105.91,3976.04,Yes
a9af2aaf,Female,1,No,Yes,62,No,No,One year,Mailed check,81.85,5008.78,No
d66ffa73,Male,0,Yes,No,23,Yes,DSL,Two year,Bank transfer,68.4,1549.17,No
0e8ff57e,Male,0,No,Yes,26,No,DSL,Two year,Mailed check,55.65,1438.76,No
df0505d4,Male,0,Yes,No,65,Yes,No,Two year,Electronic check,26.72,1747.46,No
e64ad610,Male,1,Yes,Yes,32,No,DSL,Month-to-month,Bank transfer,42.83,1414.04,Yes
df3d99af,Male,0,No,Yes,8,Yes,Fiber optic,Two year,Credit card,40.77,274.95,No
f80edebc,Male,1,No,Yes,62,No,DSL,Month-to-month,Mailed check,31.64,1878.36,Yes
73e2f53e,Female,1,Yes,No,25,No,DSL,One year,Bank transfer,78.89,1999.24,No
ed6d32d3,Female,1,No,Yes,66,Yes,No,One year,Mailed check,48.38,3222.14,No
5d50bf4e,Female,0,No,Yes,63,No,Fiber optic,Two year,Credit card,20.65,1379.62,Yes
311492ac,Female,0,No,No,44,Yes,DSL,Month-to-month,Electronic check,83.79,3694.48,Yes
d7658aa3,Female,0,Yes,Yes,39,Yes,DSL,Two year,Bank transfer,112.76,4339.7,Yes
a9dace6c,Female,1,No,No,42,No,No,Two year,Credit card,115.67,4954.37,Yes
f0cf9355,Female,1,No,Yes,19,No,Fiber optic,Two year,Credit card,50.62,1007.12,No
26464b5e,Male,0,Yes,No,8,No,Fiber optic,Month-to-month,Bank transfer,116.87,905.68,Yes
342c489d,Female,0,No,Yes,48,Yes,Fiber optic,One year,Mailed check,22.37,1059.26,No
81f280f1,Female,0,No,Yes,32,No,No,Two year,Credit card,36.04,1197.85,No
0735ccc8,Male,1,No,Yes,49,Yes,Fiber optic,One year,Bank transfer,25.93,1181.79,No
1465cbdf,Female,0,Yes,No,42,No,DSL,Month-to-month,Bank transfer,117.72,4990.73,Yes
e1890244,Female,1,No,Yes,72,Yes,DSL,Month-to-month,Electronic check,73.1,5221.48,No
b7ea0647,Male,1,Yes,Yes,42,No,DSL,One year,Bank transfer,66.83,2799.02,No
aebb6588,Female,1,Yes,No,55,No,No,Month-to-month,Electronic check,59.63,3276.92,Yes
6260e95c,Male,0,No,Yes,37,Yes,DSL,Two year,Electronic check,77.48,2893.63,No
bc59135c,Female,0,No,No,56,Yes,DSL,Two year,Bank transfer,101.78,5692.82,Yes
731db709,Male,0,No,Yes,52,No,DSL,One year,Electronic check,77.47,3929.71,No
f76fa086,Male,0,No,Yes,69,Yes,Fiber optic,Two year,Mailed check,65.78,4571.9,No
0e6eba1e,Female,0,Yes,Yes,4,Yes,DSL,Month-to-month,Bank transfer,73.34,382.26,Yes
305a8992,Female,0,Yes,No,39,Yes,DSL,Month-to-month,Bank transfer,36.33,1515.07,Yes
112a6810,Male,1,Yes,No,57,Yes,Fiber optic,Month-to-month,Electronic check,106.75,6155.59,Yes
c5838c57,Male,0,No,No,12,No,No,Two year,Electronic check,116.92,1404.38,No
4f9a4195,Female,1,Yes,Yes,54,No,Fiber optic,Two year,Credit card,39.1,2208.43,No
795a8b97,Female,0,Yes,Yes,54,No,Fiber optic,One year,Bank transfer,60.03,3313.12,No
c112ce0a,Male,0,Yes,Yes,61,Yes,No,Two year,Bank transfer,21.59,1409.84,Yes
33999fc8,Female,1,Yes,No,67,Yes,DSL,Month-to-month,Mailed check,35.58,2422.87,Yes
2e70651e,Male,1,Yes,Yes,23,No,No,Two year,Mailed check,113.63,2706.55,No
5c1e548b,Female,0,Yes,No,27,Yes,No,One year,Bank transfer,50.61,1391.53,No
4609226e,Female,0,Yes,Yes,19,No,No,One year,Mailed check,111.36,2025.14,Yes
66626550,Male,0,No,No,9,No,No,One year,Credit card,31.24,276.3,No
dbf99c72,Male,1,Yes,Yes,33,Yes,No,One year,Electronic check,32.82,1114.33,No
7fd7153f,Male,1,Yes,Yes,19,No,No,Month-to-month,Credit card,42.56,725.08,No
e4c954a8,Female,0,Yes,Yes,24,No,Fiber optic,Two year,Bank transfer,93.0,2192.22,Yes
bdeda9f0,Female,0,Yes,No,7,No,DSL,Month-to-month,Electronic check,99.42,791.85,Yes
b2d6acaa,Female,0,No,Yes,45,No,Fiber optic,Two year,Credit card,38.77,1818.56,No
a32a61e4,Female,1,Yes,No,66,No,Fiber optic,Month-to-month,Bank transfer,112.39,7385.19,Yes
11ef261c,Female,0,Yes,Yes,9,No,No,Month-to-month,Mailed check,98.2,869.1,Yes
30e8dd05,Male,0,Yes,Yes,17,Yes,No,One year,Electronic check,107.33,1786.02,No
0bcfb7b5,Male,1,No,Yes,26,Yes,DSL,Two year,Electronic check,93.34,2397.63,No
4ff75a1e,Female,1,Yes,No,22,No,No,Month-to-month,Mailed check,83.49,1908.57,No
52277794,Female,0,Yes,Yes,50,No,Fiber optic,One year,Bank transfer,110.1,5599.4,No
d119cfa2,Male,0,Yes,No,72,Yes,No,Two year,Electronic check,86.81,6192.07,No
d923dbda,Male,0,Yes,No,32,Yes,Fiber optic,One year,Mailed check,59.12,1823.73,No
4252710d,Female,1,No,Yes,52,Yes,DSL,Two year,Mailed check,32.35,1730.13,Yes
23a36a01,Female,0,Yes,No,67,Yes,No,Two year,Credit card,51.12,3345.56,No
31b63642,Female,0,Yes,No,10,No,Fiber optic,Two year,Bank transfer,108.02,1131.05,Yes
8db90730,Female,0,Yes,No,22,No,Fiber optic,One year,Mailed check,107.62,2405.93,Yes
eb01253a,Female,1,No,No,54,No,No,One year,Bank transfer,25.67,1307.22,No
73db9334,Female,0,Yes,No,11,No,DSL,One year,Credit card,21.29,276.81,No
8095b666,Male,0,Yes,No,67,No,No,Month-to-month,Electronic check,107.04,7205.19,Yes
ebcb9526,Female,0,Yes,Yes,51,Yes,Fiber optic,Two year,Credit card,91.83,4591.3,No
525324b4,Female,1,No,No,4,No,Fiber optic,One year,Electronic check,83.05,297.99,No
f42168db,Female,0,No,No,32,Yes,Fiber optic,One year,Bank transfer,47.66,1581.86,Yes
5e2e5503,Male,1,Yes,No,64,No,No,Two year,Mailed check,105.66,6728.99,No
cba5bdfb,Female,1,No,Yes,64,Yes,Fiber optic,Month-to-month,Credit card,83.95,5424.11,Yes
02fed2bd,Male,0,Yes,Yes,42,Yes,No,One year,Bank transfer,21.59,844.74,No
8469350a,Female,1,Yes,No,52,Yes,No,One year,Bank transfer,105.22,5400.59,Yes
20da237c,Male,1,Yes,Yes,42,Yes,DSL,Month-to-month,Mailed check,119.94,5025.99,Yes
5cb5b67f,Female,0,No,No,57,Yes,Fiber optic,Month-to-month,Mailed check,84.79,4776.22,No
322ef607,Female,1,No,No,53,No,No,One year,Credit card,38.61,2050.04,No
b9c948ec,Male,0,No,Yes,47,Yes,No,One year,Bank transfer,110.01,5257.85,No
5ae862fd,Male,1,No,Yes,13,No,No,Two year,Credit card,118.1,1592.14,Yes
90e442f0,Male,1,Yes,No,35,Yes,Fiber optic,Two year,Credit card,77.43,2620.69,Yes
b2e059cc,Female,0,No,Yes,45,No,No,Month-to-month,Bank transfer,67.66,3085.96,No
fff48f59,Female,1,No,Yes,56,No,DSL,One year,Credit card,90.42,5152.07,No
e9ad7df5,Female,0,Yes,Yes,19,Yes,Fiber optic,Two year,Electronic check,96.63,1932.01,No
43f947b4,Female,0,Yes,No,68,Yes,DSL,Month-to-month,Mailed check,61.37,4105.4,Yes
15161a56,Male,1,No,Yes,13,Yes,Fiber optic,Two year,Credit card,114.61,1504.73,No
73b23ac9,Male,0,Yes,No,40,Yes,Fiber optic,One year,Electronic check,55.52,2262.25,Yes
77732c83,Male,0,Yes,Yes,44,Yes,DSL,One year,Electronic check,65.17,2786.29,No
723089c1,Male,0,No,Yes,1,Yes,No,Two year,Bank transfer,52.69,13.94,No
f772ed86,Male,0,Yes,No,45,Yes,No,Month-to-month,Bank transfer,29.7,1373.14,No
83c5ac06,Male,0,Yes,Yes,5,No,Fiber optic,Month-to-month,Bank transfer,113.53,645.3,Yes
f95b6842,Male,1,No,Yes,25,No,Fiber optic,One year,Credit card,80.35,2108.22,No
b7b034df,Female,1,Yes,Yes,19,No,Fiber optic,Month-to-month,Electronic check,43.95,898.57,Yes
e3592473,Female,1,Yes,No,68,No,Fiber optic,Two year,Mailed check,76.3,5228.84,No
795a8c08,Female,1,No,No,52,No,Fiber optic,Month-to-month,Electronic check,63.51,3219.0,Yes
21a8e58c,Male,1,Yes,No,8,No,Fiber optic,Month-to-month,Mailed check,72.76,490.41,Yes
be7a9d45,Male,1,Yes,Yes,25,No,Fiber optic,Two year,Mailed check,55.18,1387.05,No
f352164b,Male,1,Yes,No,24,Yes,No,Month-to-month,Mailed check,109.24,2664.24,Yes
4c26689c,Male,0,No,No,15,Yes,No,Month-to-month,Bank transfer,112.43,1587.4,No
fa841ff2,Female,1,No,Yes,20,No,Fiber optic,Two year,Credit card,34.17,632.63,Yes
ee6cd122,Female,0,Yes,No,53,Yes,Fiber optic,Month-to-month,Bank transfer,57.71,3127.16,Yes
bda682b1,Male,0,No,No,29,No,Fiber optic,Month-to-month,Electronic check,27.05,707.33,Yes
ac31c930,Male,1,Yes,No,69,Yes,DSL,One year,Electronic check,48.64,3427.26,No
be7947e7,Female,0,Yes,Yes,17,Yes,DSL,One year,Electronic check,71.82,1128.08,Yes
47077f9e,Male,0,Yes,No,31,Yes,DSL,Two year,Credit card,63.59,1945.47,No
78a3ebe3,Male,1,No,No,2,Yes,DSL,One year,Bank transfer,114.86,197.99,Yes
6bb22c64,Female,1,Yes,Yes,38,No,DSL,Two year,Bank transfer,70.56,2626.33,Yes
27e0985f,Male,0,Yes,No,72,No,DSL,One year,Electronic check,36.11,2609.34,No
baa6fd62,Female,0,Yes,Yes,5,Yes,DSL,Month-to-month,Credit card,34.35,92.51,Yes
2544f19e,Female,1,No,Yes,70,No,No,One year,Credit card,27.39,1947.07,No
395af9c4,Female,1,Yes,Yes,33,No,Fiber optic,One year,Mailed check,54.51,1896.43,No
9dff760d,Female,0,Yes,Yes,23,No,DSL,One year,Bank transfer,116.3,2652.59,No
cd7ed9b4,Female,1,No,No,53,No,Fiber optic,Month-to-month,Mailed check,91.07,4835.01,Yes
8a87d8b6,Male,1,Yes,Yes,58,Yes,Fiber optic,One year,Bank transfer,64.39,3712.31,Yes
03d030ff,Female,1,Yes,No,25,Yes,Fiber optic,Two year,Credit card,114.8,2915.86,Yes
3af7730f,Female,0,Yes,No,61,No,No,One year,Credit card,30.87,1913.52,Yes
b87e3a98,Male,1,No,Yes,24,Yes,Fiber optic,Month-to-month,Mailed check,114.32,2648.45,No
674305ca,Male,1,Yes,Yes,53,Yes,DSL,Two year,Credit card,51.65,2686.59,No
10a6242d,Female,1,Yes,Yes,3,Yes,Fiber optic,Month-to-month,Electronic check,20.87,135.06,No
7c31a728,Male,1,No,No,40,Yes,No,One year,Credit card,104.07,4135.39,Yes
47307f77,Female,1,No,Yes,72,Yes,Fiber optic,Month-to-month,Electronic check,35.98,2666.67,Yes
9c605bb9,Male,1,Yes,No,19,No,DSL,Month-to-month,Credit card,110.92,2026.89,Yes
505ed3ab,Female,1,Yes,Yes,24,Yes,No,One year,Bank transfer,64.73,1457.49,No
819e6c64,Male,1,No,No,39,Yes,No,Month-to-month,Mailed check,87.74,3505.21,Yes
c61e8a20,Male,0,Yes,Yes,54,No,DSL,One year,Bank transfer,119.17,6408.22,No
021e8e40,Male,0,Yes,Yes,34,Yes,Fiber optic,Month-to-month,Credit card,64.89,2192.85,Yes
daeaa519,Female,1,No,No,39,No,Fiber optic,One year,Electronic check,58.07,2345.64,No
4cd33861,Male,1,No,Yes,44,No,No,One year,Mailed check,33.23,1431.37,No
a0f017f7,Male,0,Yes,Yes,66,Yes,DSL,Month-to-month,Mailed check,109.58,7136.88,Yes
274b7803,Female,0,No,Yes,10,Yes,No,One year,Electronic check,20.96,112.29,No
b828a3dd,Male,0,Yes,No,8,Yes,DSL,Two year,Mailed check,90.41,663.18,No
56a8dfb3,Female,1,Yes,No,27,No,No,One year,Mailed check,25.0,590.88,No
8fcd3032,Male,1,Yes,Yes,8,Yes,DSL,Month-to-month,Mailed check,64.25,515.52,Yes
51b23efa,Female,1,Yes,No,24,No,DSL,Month-to-month,Credit card,104.86,2567.9,Yes
aee87804,Male,1,Yes,Yes,45,No,No,Two year,Bank transfer,93.54,4215.41,No
7a061032,Male,0,No,No,45,Yes,DSL,One year,Credit card,110.27,4874.23,No
28f567db,Female,1,No,Yes,34,Yes,No,One year,Credit card,92.71,3115.95,No
26226f9a,Female,1,No,Yes,22,Yes,Fiber optic,One year,Bank transfer,24.27,504.52,No
b2143497,Male,0,No,Yes,50,Yes,Fiber optic,Month-to-month,Credit card,61.96,3002.9,Yes
67a7b1d6,Female,1,No,Yes,24,No,DSL,One year,Bank transfer,41.7,904.08,Yes
57cfdaab,Male,1,No,Yes,71,No,No,Two year,Credit card,47.77,3329.66,No
c8919bdd,Female,0,Yes,No,14,No,No,One year,Bank transfer,26.69,338.32,No
9a202164,Male,1,No,No,2,No,No,One year,Bank transfer,115.69,257.68,No
2bd6107b,Male,1,No,Yes,17,No,DSL,Month-to-month,Credit card,56.96,1062.41,Yes
f6cfa03b,Male,0,Yes,Yes,61,No,Fiber optic,Two year,Mailed check,98.68,6030.48,No
09e28860,Female,1,No,No,61,Yes,Fiber optic,Month-to-month,Mailed check,109.06,6615.35,Yes
bae6221b,Male,1,No,Yes,58,Yes,No,One year,Mailed check,58.96,3358.32,No
818843eb,Female,1,No,Yes,1,Yes,No,One year,Mailed check,52.72,117.69,No
b8a940d1,Female,0,Yes,No,16,No,No,Month-to-month,Bank transfer,49.56,705.07,No
c77d9137,Male,0,No,No,27,Yes,No,Two year,Credit card,34.41,834.13,No
f11fae6f,Female,0,No,Yes,57,Yes,Fiber optic,One year,Bank transfer,95.85,5385.0,No
b60f9a93,Female,1,Yes,No,42,No,No,One year,Credit card,115.61,4780.4,Yes
0a2b499b,Male,1,Yes,Yes,51,No,No,Month-to-month,Bank transfer,37.8,1950.42,No
0b410eea,Female,0,No,No,9,Yes,No,Month-to-month,Mailed check,112.69,942.19,Yes
cbc57f24,Female,1,Yes,Yes,53,Yes,No,One year,Electronic check,54.36,2795.0,No
71a61df8,Male,0,Yes,Yes,58,No,DSL,One year,Mailed check,35.91,2135.33,No
00d81b3b,Female,1,Yes,No,6,No,DSL,Month-to-month,Bank transfer,24.22,197.03,Yes
1087631c,Male,0,Yes,No,4,Yes,DSL,Two year,Electronic check,86.96,387.26,No
9fb7ac82,Male,1,No,No,45,No,No,One year,Mailed check,90.18,4074.42,Yes
f92e7901,Female,0,No,Yes,66,No,Fiber optic,Two year,Bank transfer,58.84,3950.4,No
15dfc6b2,Male,0,No,Yes,58,Yes,No,Two year,Credit card,22.88,1347.71,Yes
071aba3d,Male,1,Yes,No,26,Yes,No,One year,Mailed check,95.98,2542.62,No
0308c648,Female,1,No,No,66,No,Fiber optic,Month-to-month,Mailed check,22.38,1379.55,No
fd92b508,Male,0,Yes,Yes,22,Yes,Fiber optic,Two year,Mailed check,112.08,2461.8,No
1aa65cff,Male,0,Yes,No,36,No,No,One year,Mailed check,113.02,4029.41,Yes
ce36a78e,Female,1,Yes,Yes,10,Yes,DSL,One year,Electronic check,48.0,510.73,Yes
9a0af4be,Female,1,Yes,Yes,61,Yes,DSL,Two year,Credit card,37.46,2207.58,No
0bda2bc1,Male,1,Yes,Yes,9,No,Fiber optic,Month-to-month,Credit card,59.75,513.24,Yes
dedad4fe,Female,0,Yes,Yes,37,No,DSL,One year,Bank transfer,91.89,3340.47,Yes
386121a9,Female,1,No,No,72,Yes,No,Month-to-month,Electronic check,115.21,8292.83,Yes
53eee45c,Female,1,No,Yes,48,No,No,Two year,Mailed check,85.86,4095.53,No
1f57ee53,Female,1,Yes,No,48,Yes,DSL,One year,Credit card,66.75,3173.49,No
3a3a14c4,Male,0,No,Yes,43,Yes,No,One year,Mailed check,112.47,4865.3,Yes
b8795253,Female,0,Yes,Yes,27,No,DSL,One year,Electronic check,102.47,2745.96,No
cd7d0ac3,Female,1,No,Yes,63,Yes,No,One year,Credit card,31.69,2042.84,No
25df58ed,Male,0,No,Yes,59,No,No,Month-to-month,Electronic check,35.57,2137.42,Yes
eff5b139,Male,0,Yes,Yes,39,Yes,DSL,Month-to-month,Electronic check,102.52,4006.67,Yes
e238a3cf,Female,0,No,No,9,No,Fiber optic,One year,Credit card,45.34,498.26,No
25a63d79,Female,1,No,No,27,Yes,No,One year,Electronic check,50.38,1384.11,No
2571bb4d,Female,1,No,Yes,33,No,No,One year,Electronic check,90.06,3044.21,No
2e6be6f4,Male,0,No,No,5,No,Fiber optic,Month-to-month,Bank transfer,116.28,633.21,Yes
a5e107b0,Male,0,Yes,Yes,31,Yes,Fiber optic,One year,Credit card,80.36,2485.02,No
6592f011,Male,0,No,Yes,65,No,Fiber optic,One year,Credit card,64.44,4189.01,Yes
435d1e90,Male,0,Yes,No,38,No,Fiber optic,Two year,Credit card,105.36,3911.64,No
c0f493e6,Male,0,No,No,32,Yes,DSL,Two year,Credit card,20.57,713.39,No
d8665b3b,Male,0,No,No,57,No,DSL,Month-to-month,Mailed check,100.84,5837.49,Yes
9b3ebe91,Female,1,No,No,56,Yes,Fiber optic,Two year,Electronic check,22.05,1239.84,No
67279ba0,Male,1,Yes,Yes,9,Yes,Fiber optic,Two year,Credit card,28.72,334.04,No
e563412f,Male,1,No,Yes,21,Yes,Fiber optic,Month-to-month,Bank transfer,28.64,538.8,Yes
325e2f52,Male,0,Yes,No,30,Yes,No,Two year,Credit card,40.24,1167.27,No
25c86a6e,Female,0,No,Yes,39,Yes,Fiber optic,Month-to-month,Mailed check,108.04,4140.97,Yes
2d672d6e,Male,0,Yes,No,23,Yes,DSL,Two year,Mailed check,58.79,1378.85,No
19292258,Female,1,Yes,No,22,No,Fiber optic,Two year,Mailed check,44.71,1034.3,No
71ea6611,Male,0,No,No,4,Yes,Fiber optic,One year,Credit card,39.26,202.34,No
98aa8d4a,Male,1,Yes,Yes,31,No,Fiber optic,Month-to-month,Electronic check,79.9,2434.43,Yes
c20d3f53,Female,1,No,No,36,Yes,Fiber optic,One year,Bank transfer,59.33,2128.78,No
967afe86,Female,1,No,Yes,61,No,No,One year,Electronic check,53.71,3314.59,No
f1aca008,Female,1,No,No,42,No,Fiber optic,One year,Mailed check,110.72,4663.44,No
e5fe1e20,Female,0,No,Yes,25,No,No,Month-to-month,Bank transfer,96.83,2498.86,Yes
855ea13b,Female,0,Yes,No,67,No,No,One year,Mailed check,37.34,2546.7,No
159f2fb3,Male,0,No,Yes,32,No,Fiber optic,Two year,Bank transfer,59.16,1936.53,Yes
d26234e5,Female,1,No,Yes,71,No,Fiber optic,Month-to-month,Credit card,118.39,8306.34,No
33060248,Female,1,Yes,Yes,7,Yes,No,One year,Electronic check,118.16,852.74,Yes
a1e82d79,Female,1,Yes,Yes,16,No,DSL,Month-to-month,Electronic check,56.13,958.34,Yes
56fa2acc,Female,1,No,No,27,Yes,DSL,Month-to-month,Electronic check,23.99,679.79,No
8d38cf3a,Female,0,Yes,Yes,30,No,No,One year,Bank transfer,42.04,1281.93,Yes
d58e00bd,Male,1,No,Yes,27,Yes,DSL,Month-to-month,Bank transfer,74.17,1906.08,Yes
cf46d04e,Female,0,No,No,59,No,Fiber optic,Month-to-month,Electronic check,80.96,4855.02,Yes
503f1beb,Female,1,No,Yes,28,No,No,One year,Credit card,43.22,1279.62,Yes
aaa23119,Female,0,No,Yes,27,No,Fiber optic,Two year,Bank transfer,108.18,2919.16,No
56d893a4,Male,0,Yes,No,19,No,No,Two year,Credit card,90.35,1736.84,No
67729cfc,Male,0,Yes,No,52,Yes,Fiber optic,Month-to-month,Credit card,47.41,2508.31,No
4d3fe603,Male,1,No,No,50,No,Fiber optic,Month-to-month,Credit card,77.17,3830.4,No
aeddfa3a,Male,0,Yes,No,30,No,Fiber optic,One year,Mailed check,46.91,1489.62,Yes
79bf1d52,Female,1,No,Yes,7,No,DSL,Month-to-month,Electronic check,96.07,590.48,Yes
4793bb8f,Male,1,Yes,Yes,19,Yes,DSL,Month-to-month,Credit card,105.85,1966.85,Yes
01f2b5f2,Male,0,Yes,Yes,23,Yes,DSL,One year,Mailed check,48.82,1116.91,No
cfd340e9,Male,0,Yes,Yes,35,No,Fiber optic,Month-to-month,Bank transfer,101.73,3496.3,Yes
b189791a,Male,1,No,Yes,22,Yes,No,Month-to-month,Electronic check,96.63,2128.51,Yes
61848041,Male,0,Yes,Yes,31,Yes,Fiber optic,Two year,Credit card,106.17,3358.13,No
6bd6e170,Female,1,No,No,9,No,Fiber optic,One year,Credit card,118.29,991.79,Yes
5c1f7662,Female,0,No,Yes,33,No,Fiber optic,Two year,Mailed check,72.35,2369.09,Yes
d309dc8f,Male,0,No,Yes,49,No,Fiber optic,One year,Mailed check,57.59,2796.63,Yes
53e0395c,Female,1,No,Yes,51,No,Fiber optic,Month-to-month,Bank transfer,44.45,2170.23,Yes
be56f5f4,Female,1,No,No,17,No,No,Month-to-month,Electronic check,61.58,957.13,Yes
4c636c3a,Female,0,Yes,No,10,No,No,Two year,Credit card,79.82,769.15,No
c1c25b65,Male,1,No,Yes,25,No,DSL,Month-to-month,Mailed check,51.03,1277.09,Yes
a3d4f32f,Male,1,No,No,52,No,No,One year,Bank transfer,53.4,2799.39,No
03c8ac9d,Female,0,No,No,66,No,No,Two year,Electronic check,23.62,1614.78,No
37e19c61,Male,1,Yes,No,19,Yes,No,Month-to-month,Credit card,34.22,733.18,Yes
8a0601c6,Male,1,Yes,Yes,18,Yes,DSL,One year,Credit card,39.45,723.96,No
934e94c7,Female,0,Yes,Yes,5,No,DSL,Month-to-month,Credit card,46.55,229.28,No
67de8174,Female,1,Yes,Yes,44,Yes,Fiber optic,One year,Bank transfer,81.68,3689.81,No
c49a5f50,Female,1,No,Yes,56,Yes,Fiber optic,Two year,Credit card,68.34,3792.67,Yes
dcfd1fc0,Female,0,No,No,72,No,Fiber optic,Month-to-month,Mailed check,42.36,3106.62,No
a71b1d8d,Male,1,No,No,43,No,Fiber optic,Two year,Electronic check,49.91,2094.63,No
a22a706c,Female,1,No,Yes,20,No,Fiber optic,One year,Electronic check,61.42,1324.07,Yes
1de09847,Female,0,Yes,Yes,56,Yes,DSL,Two year,Bank transfer,104.95,5834.49,No
ba1e739c,Male,0,Yes,Yes,11,No,Fiber optic,Two year,Credit card,99.62,997.52,No
6fa98e9a,Female,0,No,Yes,23,Yes,No,One year,Bank transfer,23.27,493.49,Yes
998d5580,Female,1,Yes,No,11,Yes,DSL,Month-to-month,Credit card,118.82,1329.89,Yes
891ee302,Female,1,Yes,No,9,No,No,Month-to-month,Electronic check,66.23,666.55,Yes
0dc7c6d6,Female,1,No,Yes,21,No,No,One year,Bank transfer,89.49,1941.34,No
6c0cebe0,Male,0,Yes,Yes,42,No,DSL,Two year,Electronic check,41.05,1716.36,Yes
14603d58,Female,0,No,Yes,17,No,No,One year,Bank transfer,34.93,508.5,No
e2478cb0,Male,0,Yes,No,27,No,DSL,One year,Credit card,109.56,2989.36,Yes
a8d6e2a5,Female,1,No,No,24,Yes,No,One year,Bank transfer,101.25,2422.7,Yes
0e8df999,Female,1,Yes,Yes,1,Yes,Fiber optic,One year,Electronic check,106.92,39.76,No
c5866684,Male,1,No,No,31,No,DSL,One year,Mailed check,71.28,2208.75,Yes
ea48a08a,Female,0,No,Yes,44,No,DSL,Two year,Mailed check,20.27,888.44,No
5e675b66,Male,0,No,Yes,6,No,Fiber optic,Two year,Credit card,65.5,436.82,Yes
5ab85c6c,Male,1,No,No,54,No,No,Two year,Mailed check,112.9,6179.42,No
9094d38c,Male,1,Yes,Yes,5,No,Fiber optic,Two year,Credit card,101.67,542.04,Yes
1355bb99,Female,0,Yes,No,31,Yes,Fiber optic,Month-to-month,Credit card,59.7,1836.7,Yes
eb47e148,Male,1,Yes,No,69,Yes,DSL,Month-to-month,Credit card,86.13,5900.48,Yes
64ced515,Female,1,No,No,43,Yes,DSL,Month-to-month,Mailed check,84.68,3730.56,Yes
f82281f1,Male,0,Yes,Yes,55,Yes,Fiber optic,Month-to-month,Bank transfer,40.41,2155.33,Yes
9ed1984a,Female,1,Yes,No,9,No,DSL,One year,Electronic check,97.87,939.72,Yes
338708bf,Male,1,Yes,Yes,11,Yes,Fiber optic,Month-to-month,Mailed check,55.63,530.34,Yes
d3d53b8f,Female,1,No,Yes,44,No,DSL,Two year,Credit card,36.03,1648.36,Yes
c92bf798,Female,0,No,No,28,No,No,One year,Electronic check,36.75,1053.22,No
6ad29b54,Female,1,No,No,48,Yes,DSL,One year,Electronic check,39.91,1824.07,Yes
d6bd0478,Female,0,Yes,Yes,41,No,No,Month-to-month,Electronic check,106.2,4271.25,Yes
ea0f1dfc,Male,0,No,No,32,Yes,DSL,One year,Electronic check,51.21,1703.15,No
df068d80,Female,0,No,Yes,36,Yes,No,Month-to-month,Bank transfer,53.99,1926.05,Yes
5e1c8f51,Female,1,No,No,37,Yes,No,Month-to-month,Electronic check,52.78,1995.22,Yes
f923b168,Male,1,No,No,24,Yes,DSL,Month-to-month,Electronic check,77.64,1879.81,Yes
38c27fa2,Male,1,Yes,Yes,52,Yes,DSL,One year,Bank transfer,95.23,4860.11,No
531bcf17,Male,1,Yes,No,14,Yes,Fiber optic,One year,Electronic check,109.14,1436.46,Yes
9a6b129e,Male,1,Yes,Yes,24,No,No,Month-to-month,Electronic check,84.85,2050.2,Yes
b0a414d0,Male,1,No,Yes,1,No,No,Two year,Mailed check,88.14,163.15,Yes
b54b17f7,Male,1,No,No,25,No,Fiber optic,Month-to-month,Credit card,102.5,2521.04,Yes
74554636,Male,0,Yes,Yes,1,Yes,No,Month-to-month,Bank transfer,117.78,98.89,Yes
8a161461,Female,0,Yes,Yes,30,Yes,DSL,Two year,Credit card,119.81,3643.28,No
af316cfc,Male,1,No,No,15,No,Fiber optic,Month-to-month,Mailed check,103.0,1447.75,Yes
cd6a1f8d,Female,0,Yes,Yes,49,No,No,One year,Mailed check,85.95,4247.61,Yes
6a4af7ef,Male,1,No,No,63,Yes,DSL,One year,Credit card,114.91,7226.82,Yes
96354ddf,Female,1,Yes,No,53,No,Fiber optic,One year,Mailed check,31.04,1602.56,No
e361657d,Female,1,Yes,No,39,Yes,Fiber optic,Two year,Credit card,84.43,3282.64,Yes
903c8021,Female,0,No,Yes,3,No,DSL,One year,Mailed check,98.1,323.34,Yes
0c3b3210,Female,0,Yes,Yes,67,No,DSL,Month-to-month,Electronic check,99.95,6745.93,No
eb5b3385,Male,1,Yes,Yes,68,No,No,One year,Credit card,20.34,1474.84,Yes
32ae5a25,Female,1,Yes,Yes,55,No,DSL,Two year,Credit card,45.12,2542.52,Yes
0baf95cb,Male,1,Yes,Yes,6,Yes,No,Month-to-month,Bank transfer,105.78,606.06,Yes
6ebbf738,Female,0,Yes,Yes,30,Yes,Fiber optic,One year,Electronic check,61.07,1740.88,No
16d2f3fa,Female,0,Yes,Yes,28,No,No,Month-to-month,Credit card,57.09,1505.84,No
5a00c297,Female,0,Yes,Yes,31,No,No,One year,Mailed check,81.18,2435.28,No
e695924f,Female,1,No,No,28,Yes,DSL,Month-to-month,Mailed check,99.57,2865.45,Yes
c1853fae,Male,0,Yes,Yes,4,Yes,DSL,Two year,Bank transfer,93.89,471.7,Yes
32df2227,Male,1,Yes,Yes,26,Yes,Fiber optic,One year,Electronic check,102.73,2610.51,Yes
7e3979a8,Male,0,No,No,47,Yes,No,One year,Credit card,82.71,3963.4,No
92d15fc5,Male,0,Yes,Yes,22,No,Fiber optic,Two year,Electronic check,57.45,1270.51,No
2395876f,Male,1,No,No,14,Yes,Fiber optic,Month-to-month,Bank transfer,63.46,928.38,Yes
83164892,Female,0,No,Yes,57,Yes,No,Month-to-month,Electronic check,47.92,2683.49,Yes
7d7e36a3,Male,1,Yes,Yes,17,Yes,No,Two year,Electronic check,110.08,1817.31,No
b4a144fd,Male,0,No,Yes,17,No,No,Two year,Electronic check,44.05,659.0,No
85dc8885,Male,1,Yes,Yes,34,Yes,DSL,Month-to-month,Credit card,53.21,1736.38,No
c9a56f61,Female,1,No,Yes,67,Yes,No,One year,Electronic check,34.78,2318.73,No
fae377c0,Male,0,Yes,Yes,2,No,DSL,Two year,Electronic check,98.0,251.06,Yes
51b6b227,Female,0,No,No,13,Yes,Fiber optic,Two year,Electronic check,63.9,909.56,No
d82a9f38,Female,0,No,No,65,Yes,DSL,One year,Electronic check,84.56,5546.91,No
121250de,Male,1,No,No,20,Yes,No,Two year,Electronic check,37.57,804.05,No
14652aa5,Male,1,No,No,6,Yes,DSL,One year,Credit card,79.92,380.08,No
91ef7b6d,Female,0,Yes,No,52,No,DSL,One year,Bank transfer,57.77,2928.63,No
983b0bca,Male,1,Yes,No,22,No,No,Month-to-month,Electronic check,98.51,2142.29,Yes
3409c376,Female,0,Yes,Yes,46,No,No,Two year,Mailed check,98.65,4441.3,Yes
34b653f3,Female,1,Yes,No,33,No,No,Two year,Electronic check,103.49,3340.02,No
a15f0f25,Male,1,Yes,Yes,32,No,No,Month-to-month,Electronic check,71.57,2265.86,Yes
8d537e2b,Male,1,Yes,No,38,Yes,No,Two year,Bank transfer,92.6,3523.14,Yes
4e6feab1,Female,1,Yes,No,48,Yes,DSL,One year,Electronic check,92.22,4495.57,No
a06b1856,Male,1,Yes,No,50,Yes,DSL,One year,Bank transfer,49.16,2554.44,No
37edec7f,Female,0,No,No,48,No,DSL,One year,Electronic check,53.99,2628.16,No
6061bcb4,Male,0,No,No,66,Yes,DSL,Two year,Mailed check,77.57,5182.56,No
0c5e9cf2,Male,0,No,Yes,60,Yes,No,Two year,Bank transfer,81.01,4900.04,Yes
1a6411dc,Male,1,No,Yes,28,Yes,DSL,One year,Bank transfer,40.89,1197.93,No
509a6b06,Male,0,Yes,Yes,14,Yes,No,One year,Credit card,29.01,448.4,No
aacde9c8,Male,1,Yes,No,64,No,DSL,One year,Electronic check,41.68,2648.52,No
42b9a700,Male,0,Yes,Yes,50,Yes,No,One year,Electronic check,29.53,1568.65,No
0cd56443,Female,0,No,No,43,No,No,Month-to-month,Electronic check,97.86,4130.38,Yes
df1a34ef,Female,0,Yes,Yes,37,Yes,Fiber optic,Two year,Electronic check,102.3,3804.31,Yes
6820b32a,Male,0,Yes,No,40,No,No,Two year,Bank transfer,80.37,3276.5,No
40709f44,Male,0,Yes,Yes,44,No,DSL,One year,Mailed check,103.81,4584.95,No
c509af54,Female,1,Yes,No,36,Yes,Fiber optic,Month-to-month,Electronic check,53.52,1910.37,Yes
60516b61,Male,0,No,Yes,44,Yes,Fiber optic,One year,Electronic check,43.76,2012.56,Yes
8ba9a130,Male,1,Yes,No,25,Yes,Fiber optic,Month-to-month,Credit card,107.48,2598.08,No
b3b75a61,Female,0,No,Yes,59,No,DSL,Month-to-month,Mailed check,27.27,1696.99,Yes
a3a5fc5f,Male,1,Yes,No,66,No,Fiber optic,Month-to-month,Credit card,75.03,4939.23,No
e7d4bf30,Male,0,No,Yes,6,No,DSL,Two year,Credit card,31.58,150.28,Yes
c7b782ae,Female,0,No,Yes,6,Yes,No,Two year,Electronic check,41.2,276.23,Yes
1a0404e6,Male,1,No,No,65,Yes,DSL,Two year,Bank transfer,56.82,3706.19,No
75b8c2cf,Female,1,No,Yes,52,No,No,Two year,Credit card,95.62,5013.47,No
cce26a9d,Male,0,No,Yes,19,No,No,One year,Mailed check,73.53,1370.31,No
f9dcf8e0,Female,1,No,Yes,25,No,DSL,Month-to-month,Mailed check,115.33,2961.36,No
da1b9f77,Male,1,No,Yes,3,Yes,No,One year,Electronic check,119.0,351.6,No
676e42f3,Female,1,Yes,Yes,40,Yes,No,Month-to-month,Mailed check,76.17,3145.74,No
6bbc9208,Female,0,No,Yes,37,Yes,No,One year,Electronic check,102.8,3883.05,No
e0159c89,Female,1,No,No,52,No,DSL,Two year,Credit card,79.05,4082.34,Yes
db4306f9,Male,0,Yes,No,10,No,Fiber optic,Two year,Credit card,112.35,1066.83,No
3b8f3317,Female,0,No,Yes,16,Yes,Fiber optic,One year,Mailed check,45.19,661.45,No
ba388997,Female,1,Yes,Yes,22,Yes,No,Month-to-month,Credit card,67.84,1437.23,No
6e3fa3d8,Male,0,No,Yes,50,No,DSL,Two year,Bank transfer,70.39,3434.51,Yes
2c663689,Male,1,Yes,No,11,No,Fiber optic,Two year,Electronic check,49.3,563.61,Yes
e26f45f5,Female,0,No,No,19,No,Fiber optic,Two year,Bank transfer,25.03,449.24,No
01c971fa,Male,1,No,Yes,21,Yes,No,Month-to-month,Credit card,25.82,630.81,No
2a360c85,Female,0,Yes,No,63,No,DSL,One year,Mailed check,92.5,5892.7,No
dd3a2a99,Female,0,No,Yes,9,Yes,DSL,One year,Electronic check,117.03,992.96,No
ccdf7549,Male,1,Yes,Yes,45,Yes,No,One year,Electronic check,111.58,5001.36,Yes
19c47ca1,Female,0,No,Yes,1,Yes,DSL,One year,Bank transfer,57.98,1.75,No
5bc8b588,Male,1,No,Yes,28,Yes,Fiber optic,Two year,Bank transfer,64.75,1891.28,No
4e129eeb,Male,1,No,Yes,51,No,Fiber optic,Month-to-month,Bank transfer,49.4,2428.0,No
bd1eb2c2,Male,0,Yes,Yes,14,Yes,Fiber optic,Month-to-month,Credit card,59.84,844.6,No
bf6f80a9,Female,1,Yes,No,63,No,DSL,Month-to-month,Mailed check,109.43,6911.89,Yes
ed7e802c,Male,0,No,No,57,Yes,No,Month-to-month,Mailed check,43.39,2458.43,No
a1b9e558,Male,1,No,No,44,Yes,DSL,Two year,Credit card,42.89,1937.21,No
156a6a51,Male,0,No,Yes,52,Yes,No,One year,Mailed check,106.09,5515.97,No
2e6f50c9,Female,0,Yes,No,22,No,No,One year,Mailed check,38.04,862.71,No
76c7f0bc,Male,0,No,No,14,No,No,Month-to-month,Electronic check,88.67,1222.37,Yes
f0933b03,Female,1,Yes,Yes,6,Yes,Fiber optic,Two year,Mailed check,75.75,461.35,No
cf4eecd0,Female,1,No,Yes,5,No,No,Two year,Mailed check,105.09,585.13,No
247155f7,Female,0,No,Yes,44,No,No,Two year,Electronic check,104.61,4624.79,Yes
91d3796c,Male,1,Yes,No,12,No,Fiber optic,Two year,Credit card,55.69,604.09,No
eb392388,Female,1,No,Yes,49,No,No,Month-to-month,Credit card,98.02,4895.68,Yes
09a10352,Male,1,No,Yes,65,No,Fiber optic,Month-to-month,Mailed check,69.72,4600.9,No
114a0c41,Female,0,No,No,24,No,DSL,One year,Bank transfer,88.23,2176.0,No
8f7aca44,Female,0,No,No,59,No,DSL,Month-to-month,Bank transfer,76.92,4444.41,No
71ef9318,Female,0,Yes,Yes,24,Yes,Fiber optic,Two year,Mailed check,113.42,2700.71,Yes
21906bae,Male,0,No,Yes,69,No,DSL,One year,Mailed check,93.94,6551.21,Yes
5d1a0888,Male,1,No,Yes,24,Yes,DSL,One year,Bank transfer,73.3,1726.78,Yes
29e75734,Female,0,No,No,44,Yes,DSL,One year,Mailed check,72.97,3267.02,No
5978712e,Female,1,No,Yes,63,Yes,Fiber optic,Two year,Electronic check,71.89,4620.32,No
03c53968,Female,0,Yes,Yes,25,Yes,No,Two year,Electronic check,50.66,1291.14,No
8474fb4a,Male,0,No,No,67,Yes,Fiber optic,Month-to-month,Electronic check,103.3,6887.82,No
b712f263,Female,0,Yes,No,42,No,DSL,One year,Electronic check,49.36,1994.62,No
70cb41fa,Female,0,Yes,Yes,68,No,Fiber optic,One year,Electronic check,29.74,2082.08,No
cd8749ba,Male,1,No,Yes,12,No,Fiber optic,One year,Electronic check,23.52,253.01,No
7e808771,Male,1,No,No,47,No,No,Two year,Bank transfer,32.98,1619.0,Yes
835bad6a,Female,1,No,Yes,8,Yes,No,Two year,Credit card,115.55,997.21,Yes
1335d6d5,Female,1,No,No,64,No,No,Two year,Bank transfer,90.61,5801.08,No
2ab5ccd6,Male,1,Yes,Yes,23,Yes,DSL,Two year,Electronic check,70.2,1575.51,No
91d51655,Male,0,Yes,No,6,No,DSL,Two year,Mailed check,35.59,174.91,No
b318cc14,Male,1,Yes,No,9,No,DSL,One year,Mailed check,40.83,332.27,No
d15b8ab0,Male,0,No,No,37,No,Fiber optic,One year,Credit card,105.11,3894.03,No
6f1a48c2,Female,0,Yes,Yes,38,Yes,DSL,Month-to-month,Bank transfer,84.31,3133.72,No
ca814cc4,Male,0,Yes,Yes,23,Yes,No,Month-to-month,Mailed check,90.76,2149.03,No
04524c66,Female,0,Yes,Yes,40,No,DSL,Two year,Electronic check,82.41,3208.2,No
1d68ad31,Male,1,No,No,45,No,Fiber optic,One year,Electronic check,22.42,941.91,Yes
614118e2,Male,1,Yes,No,42,Yes,No,Two year,Bank transfer,46.03,2027.92,Yes
55f9c47c,Male,1,Yes,No,12,Yes,No,Two year,Credit card,71.09,908.18,No
db02cc2d,Male,0,Yes,No,71,Yes,No,Month-to-month,Credit card,106.9,7633.56,Yes
31eb9287,Male,0,No,Yes,24,Yes,DSL,One year,Mailed check,115.67,2861.3,No
8075f0bb,Male,0,Yes,Yes,55,No,DSL,Two year,Bank transfer,99.94,5528.15,No
b2cb36a4,Female,1,No,No,47,Yes,No,Two year,Mailed check,90.25,4190.65,No
0a5bcc17,Female,0,Yes,Yes,63,No,Fiber optic,Two year,Mailed check,92.48,5818.85,No
082c76c2,Female,0,Yes,Yes,34,Yes,No,One year,Electronic check,106.54,3637.88,No
a3c23e60,Male,1,No,No,57,Yes,No,Month-to-month,Credit card,26.99,1449.52,No
f2b1f1d7,Female,0,No,Yes,72,Yes,DSL,Month-to-month,Electronic check,114.58,8253.55,Yes
cf450d6d,Male,1,No,No,23,Yes,Fiber optic,Two year,Credit card,23.77,455.6,No
419c74a5,Female,0,Yes,No,31,Yes,DSL,Month-to-month,Mailed check,83.74,2574.81,Yes
db452aa6,Male,0,No,Yes,42,Yes,DSL,Month-to-month,Electronic check,30.95,1213.18,No
e0f7df45,Male,0,Yes,No,39,No,No,Two year,Mailed check,39.88,1510.76,No
46ac601a,Male,0,Yes,Yes,11,Yes,No,Month-to-month,Electronic check,41.04,470.14,Yes
d4ca0733,Male,1,Yes,Yes,21,Yes,Fiber optic,Two year,Credit card,31.81,705.37,No
c3ad3f6e,Male,0,No,Yes,15,No,DSL,Month-to-month,Electronic check,31.27,449.59,No
185103a2,Male,0,No,No,68,No,No,Month-to-month,Mailed check,96.0,6614.48,Yes
0a220aae,Female,0,Yes,Yes,27,Yes,No,One year,Bank transfer,73.61,2019.54,Yes
455cf04b,Female,1,Yes,Yes,37,No,No,One year,Mailed check,22.27,835.67,No
13e94e7c,Male,1,Yes,Yes,49,No,DSL,Two year,Bank transfer,32.88,1679.12,No
8f99d037,Female,1,Yes,No,17,No,DSL,Month-to-month,Mailed check,97.92,1681.33,Yes
fca4dc9a,Male,0,Yes,Yes,71,Yes,DSL,One year,Mailed check,52.66,3712.2,No
fd1fbb5b,Female,1,No,Yes,62,Yes,No,One year,Mailed check,113.02,6991.73,Yes
de1e654e,Male,0,Yes,No,8,Yes,Fiber optic,Month-to-month,Credit card,64.31,558.79,Yes
61e41e27,Female,0,Yes,Yes,44,Yes,No,Month-to-month,Electronic check,51.94,2375.94,No
cb5e2189,Female,1,Yes,No,16,No,Fiber optic,One year,Credit card,21.69,319.68,No
54d2554b,Male,1,No,No,45,No,DSL,Month-to-month,Bank transfer,57.2,2559.03,No
178909d9,Female,0,Yes,Yes,1,No,No,Month-to-month,Electronic check,31.06,42.05,Yes
4e5a7dd3,Male,0,No,No,52,Yes,DSL,One year,Credit card,47.62,2564.88,No
b1c9027a,Male,1,No,No,19,Yes,Fiber optic,Month-to-month,Electronic check,79.27,1579.82,Yes
df474de7,Female,1,No,No,32,Yes,DSL,One year,Electronic check,25.39,855.0,No
4e8d069e,Female,0,No,No,52,No,DSL,Month-to-month,Credit card,37.5,1990.81,Yes
d1699386,Male,0,No,Yes,33,No,DSL,Two year,Bank transfer,69.62,2238.37,No
bf80800b,Male,1,Yes,No,33,Yes,DSL,One year,Electronic check,103.83,3504.32,No
e777bd4a,Male,1,Yes,Yes,5,Yes,Fiber optic,One year,Electronic check,25.76,82.0,No
78dc3bd8,Female,0,Yes,Yes,58,No,Fiber optic,Month-to-month,Electronic check,78.85,4606.61,No
0d978079,Male,0,No,No,1,No,DSL,Two year,Bank transfer,51.5,85.04,Yes
87c381d7,Male,1,No,No,68,No,DSL,Two year,Mailed check,118.97,8117.74,No
0fc107df,Male,1,No,No,14,No,DSL,Month-to-month,Mailed check,61.09,831.66,Yes
bcf83807,Female,0,Yes,No,32,Yes,Fiber optic,One year,Mailed check,43.33,1321.4,No
278c66da,Male,0,No,Yes,9,Yes,Fiber optic,Month-to-month,Mailed check,91.15,902.56,Yes
06608e0f,Male,1,Yes,No,12,No,No,Two year,Electronic check,61.07,801.05,Yes
adda044b,Male,0,No,No,19,No,DSL,One year,Bank transfer,109.74,2001.76,No
d619f6de,Female,1,No,Yes,69,Yes,Fiber optic,One year,Mailed check,33.82,2385.15,No
cc89b76d,Male,1,Yes,Yes,8,No,Fiber optic,Month-to-month,Credit card,101.19,761.42,Yes
ba48c42f,Female,0,No,Yes,11,No,No,Two year,Electronic check,49.96,530.21,No
7fb20f61,Female,0,Yes,Yes,72,No,Fiber optic,Two year,Credit card,110.38,7877.45,Yes
aaedfdd6,Male,1,Yes,No,12,No,Fiber optic,One year,Electronic check,99.01,1172.82,No
694db446,Female,1,Yes,No,71,Yes,Fiber optic,One year,Electronic check,75.82,5349.88,No
c97348e4,Female,0,Yes,No,54,No,Fiber optic,Two year,Credit card,90.2,4827.41,No
f61a9fb6,Male,0,No,Yes,66,No,DSL,Month-to-month,Bank transfer,51.24,3294.79,Yes
05a2a285,Male,1,Yes,No,36,Yes,No,Two year,Mailed check,74.26,2598.37,No
df0af4b6,Male,1,Yes,No,34,Yes,Fiber optic,Two year,Electronic check,59.52,1953.95,Yes
d2481a8c,Male,0,No,Yes,28,Yes,DSL,Two year,Bank transfer,119.87,3278.95,No
725d1c2a,Female,0,No,Yes,28,No,Fiber optic,Month-to-month,Mailed check,67.51,1871.81,Yes
02246aa2,Female,1,Yes,Yes,43,No,Fiber optic,Month-to-month,Bank transfer,97.98,4253.21,Yes
b5cbc89a,Female,0,No,Yes,41,No,Fiber optic,Two year,Bank transfer,85.03,3560.84,No
b57bd3fa,Male,1,Yes,No,62,No,No,Month-to-month,Mailed check,109.66,6885.19,Yes
6105fb89,Female,0,Yes,No,71,No,Fiber optic,One year,Credit card,34.55,2407.35,No
49e69a9b,Female,1,No,No,34,No,No,Two year,Mailed check,74.59,2559.35,No
b1e7c6b4,Male,0,Yes,Yes,12,No,No,One year,Electronic check,52.73,650.43,Yes
96b36857,Male,0,No,Yes,47,Yes,DSL,Two year,Bank transfer,44.64,2183.83,Yes
52ab655d,Male,1,Yes,No,69,No,DSL,One year,Credit card,95.27,6584.68,Yes
1fbe0bb1,Female,1,No,Yes,48,Yes,DSL,Month-to-month,Electronic check,79.95,3813.4,No
5eaf669e,Male,1,No,No,38,No,Fiber optic,Two year,Credit card,112.05,4357.63,No
d9490f06,Female,1,No,Yes,21,No,Fiber optic,One year,Credit card,21.44,508.34,No
b0189c2c,Female,1,No,No,40,No,No,Month-to-month,Electronic check,96.8,3964.95,Yes
f41b827f,Female,0,No,Yes,17,Yes,Fiber optic,One year,Bank transfer,105.43,1729.18,Yes
b8163124,Male,0,No,No,2,No,DSL,Month-to-month,Electronic check,89.48,214.01,Yes
1c570395,Male,1,Yes,No,61,Yes,No,One year,Electronic check,51.06,3041.53,Yes
dfd33cbb,Male,0,Yes,No,12,No,Fiber optic,Two year,Credit card,57.25,781.48,Yes
5e44fac6,Female,0,No,Yes,62,No,DSL,Month-to-month,Electronic check,91.1,5746.53,Yes
10676fb8,Male,0,Yes,Yes,58,Yes,DSL,One year,Credit card,33.49,1986.08,Yes
9c123c86,Female,1,Yes,No,68,No,Fiber optic,One year,Mailed check,45.12,3115.24,No
1ce1c86e,Male,0,No,No,22,No,DSL,Two year,Bank transfer,56.85,1203.65,Yes
419569be,Female,1,No,Yes,35,Yes,Fiber optic,One year,Bank transfer,24.71,900.01,Yes
e2f6f38e,Female,1,Yes,No,10,No,No,Month-to-month,Credit card,31.14,400.29,No
e2bca3e5,Male,1,No,Yes,51,Yes,No,One year,Mailed check,96.42,4866.0,Yes
6d4e5044,Male,1,No,No,61,Yes,DSL,Two year,Electronic check,55.36,3279.48,No
b07ce7e8,Male,1,No,Yes,5,No,Fiber optic,Month-to-month,Mailed check,58.66,392.17,Yes
f8898eb1,Female,0,No,No,2,No,No,Two year,Electronic check,23.58,131.33,No
9880030d,Female,1,No,No,66,No,DSL,One year,Bank transfer,110.5,7361.51,Yes
3a353ca7,Male,1,No,Yes,7,Yes,Fiber optic,Two year,Electronic check,102.59,660.18,Yes
10f57de2,Female,1,No,Yes,42,Yes,No,Month-to-month,Credit card,44.09,1870.93,No
407985cb,Female,1,Yes,No,40,No,No,Two year,Mailed check,119.32,4735.7,Yes
4e2a7331,Male,1,Yes,Yes,30,No,No,Two year,Credit card,23.64,627.11,Yes
aebc268f,Male,1,Yes,Yes,21,Yes,DSL,Month-to-month,Electronic check,72.15,1462.8,Yes
8edd2368,Male,0,Yes,Yes,72,Yes,DSL,Month-to-month,Electronic check,112.41,8027.08,Yes
94993d71,Male,1,Yes,Yes,67,No,DSL,Month-to-month,Electronic check,58.59,3912.32,No
405fe7cb,Male,1,Yes,Yes,25,No,DSL,One year,Mailed check,57.27,1491.12,No
3e5286cd,Female,0,No,Yes,36,Yes,No,Two year,Mailed check,62.11,2286.18,No
f4a9c627,Female,0,No,No,1,No,Fiber optic,Month-to-month,Credit card,39.86,94.48,Yes
b6c1d7b8,Male,1,Yes,Yes,10,No,Fiber optic,Month-to-month,Credit card,53.14,611.99,Yes
6cc9bcb9,Female,1,No,Yes,48,No,No,Month-to-month,Mailed check,49.91,2312.99,Yes
11453400,Male,1,No,No,35,Yes,No,Two year,Electronic check,97.24,3397.29,No
69d27908,Female,0,Yes,Yes,38,No,No,Two year,Credit card,75.4,2840.78,No
14e683ff,Male,1,No,Yes,72,No,DSL,Two year,Credit card,75.54,5518.42,No
974b6cea,Male,1,Yes,Yes,55,Yes,No,Month-to-month,Credit card,38.06,2084.01,Yes
7bb4a6e1,Male,1,Yes,No,17,Yes,Fiber optic,One year,Mailed check,63.16,1114.03,Yes
22ae59f3,Female,1,Yes,Yes,10,No,Fiber optic,Two year,Electronic check,98.4,956.24,Yes
3031a68d,Female,1,Yes,No,38,No,DSL,Month-to-month,Mailed check,58.51,2160.36,Yes
d7d50c93,Female,1,No,No,23,Yes,Fiber optic,One year,Electronic check,36.27,854.84,Yes
c14896c5,Male,0,Yes,Yes,14,Yes,Fiber optic,One year,Credit card,102.33,1401.94,Yes
938cd329,Male,0,No,No,47,No,DSL,Two year,Electronic check,69.69,3175.44,No
d49674ba,Female,0,No,Yes,7,Yes,Fiber optic,Month-to-month,Credit card,65.94,403.83,Yes
9f4563c2,Male,1,Yes,Yes,12,No,DSL,Two year,Mailed check,68.55,852.99,No
0d174bb7,Female,0,Yes,Yes,10,Yes,DSL,One year,Credit card,58.95,676.29,Yes
524728ca,Male,1,Yes,No,48,Yes,DSL,One year,Electronic check,117.47,5660.64,Yes
e303dfdb,Female,1,No,Yes,57,Yes,DSL,Month-to-month,Electronic check,25.32,1457.14,Yes
0f1f49b0,Male,1,Yes,No,62,No,DSL,Two year,Bank transfer,45.64,2869.81,No
ce9ac1b3,Female,1,Yes,No,72,Yes,Fiber optic,One year,Mailed check,77.31,5639.36,Yes
8e09cad3,Male,0,Yes,No,66,No,Fiber optic,Month-to-month,Electronic check,112.57,7525.1,No
be2cbf94,Male,0,No,No,6,Yes,No,Two year,Credit card,35.37,267.16,No
8a97bf4c,Female,1,No,No,47,Yes,Fiber optic,Month-to-month,Mailed check,63.79,3002.93,Yes
08674992,Male,1,No,Yes,55,No,No,Month-to-month,Bank transfer,64.78,3580.56,No
e9075951,Female,0,No,Yes,30,No,Fiber optic,Two year,Credit card,58.26,1844.08,No
d0e7e541,Female,1,No,Yes,57,Yes,Fiber optic,One year,Credit card,112.7,6464.84,Yes
eaff0d78,Female,1,No,Yes,24,Yes,No,Month-to-month,Bank transfer,92.92,2132.03,Yes
b5f895a9,Male,0,Yes,No,30,No,Fiber optic,Month-to-month,Credit card,29.97,815.77,Yes
a6238d98,Female,0,Yes,No,57,No,DSL,Two year,Mailed check,88.2,4938.2,No
19e52725,Female,0,No,Yes,11,Yes,No,Month-to-month,Mailed check,88.26,1070.5,Yes
6d1fce27,Male,1,Yes,No,21,No,DSL,Two year,Electronic check,105.99,2277.7,Yes
71f8eb2c,Female,0,Yes,No,57,Yes,Fiber optic,Month-to-month,Bank transfer,83.37,4775.62,No
69c91640,Male,0,Yes,Yes,17,No,No,One year,Bank transfer,66.37,1138.44,No
0030abfc,Male,0,Yes,No,37,No,No,One year,Electronic check,115.74,4306.79,No
c35920c9,Female,0,Yes,Yes,17,No,DSL,One year,Bank transfer,113.77,2009.75,Yes
adcd7dc4,Female,0,Yes,Yes,23,Yes,Fiber optic,Month-to-month,Bank transfer,115.98,2639.37,Yes
53997b52,Male,1,Yes,No,53,No,DSL,Two year,Electronic check,116.38,6182.02,No
c96cd510,Male,0,Yes,No,62,No,Fiber optic,Month-to-month,Bank transfer,46.28,2925.02,No
a57692dc,Male,1,No,No,48,Yes,Fiber optic,One year,Credit card,106.19,5001.22,No
47282fd7,Female,0,No,Yes,28,No,DSL,Month-to-month,Credit card,36.07,979.55,No
68c16e69,Male,0,Yes,Yes,24,No,DSL,One year,Electronic check,48.59,1158.04,No
ddeebb76,Male,1,No,Yes,43,Yes,DSL,Two year,Electronic check,105.6,4454.75,No
4acf35cb,Male,0,Yes,No,70,No,DSL,One year,Electronic check,75.58,5273.4,No
4c6aafe7,Female,1,No,Yes,57,Yes,Fiber optic,Month-to-month,Bank transfer,41.99,2320.65,Yes
387ceec8,Male,1,No,Yes,22,Yes,Fiber optic,One year,Mailed check,79.34,1764.2,Yes
97639b1f,Male,1,Yes,Yes,19,No,DSL,Month-to-month,Bank transfer,65.76,1220.18,No
37fa1aed,Male,0,Yes,Yes,15,Yes,DSL,Month-to-month,Electronic check,29.08,405.05,Yes
047c551e,Male,0,No,Yes,46,Yes,No,Month-to-month,Credit card,110.69,5096.63,Yes
b4314468,Female,1,No,Yes,65,Yes,No,One year,Electronic check,63.65,4144.36,No
9b59b7e3,Male,1,Yes,No,49,Yes,Fiber optic,Month-to-month,Mailed check,75.6,3613.29,Yes
20d72e1e,Female,1,Yes,Yes,66,Yes,No,Month-to-month,Bank transfer,110.86,7312.68,No
d4694028,Male,0,Yes,Yes,22,Yes,DSL,Month-to-month,Mailed check,92.24,2024.63,Yes
3d536bfa,Male,0,Yes,No,8,No,Fiber optic,One year,Mailed check,45.2,317.08,No
d5d640be,Male,0,Yes,No,26,Yes,No,Two year,Electronic check,90.11,2377.49,Yes
c80f5d8b,Male,0,Yes,No,29,Yes,Fiber optic,One year,Bank transfer,105.24,2978.08,No
d4004584,Female,1,No,No,6,Yes,DSL,Two year,Credit card,109.85,710.96,No
a5854ebd,Female,1,No,Yes,1,Yes,No,One year,Mailed check,88.22,153.2,Yes
abcd74a1,Male,1,No,No,17,No,DSL,Two year,Electronic check,96.79,1682.19,No
b2ac6729,Male,0,No,Yes,6,No,No,Two year,Mailed check,106.06,568.18,No
f3555900,Female,0,No,Yes,9,Yes,No,Month-to-month,Electronic check,82.01,716.47,No
947e86de,Female,0,Yes,Yes,47,No,Fiber optic,One year,Credit card,60.59,2924.69,No
49edcc5a,Female,0,No,Yes,47,No,Fiber optic,One year,Bank transfer,56.17,2600.63,No
8148df3d,Male,1,Yes,Yes,25,No,DSL,One year,Bank transfer,91.73,2306.76,Yes
d11c78f5,Female,1,Yes,No,18,No,Fiber optic,Month-to-month,Mailed check,63.38,1207.64,Yes
00348b49,Male,1,No,Yes,35,Yes,No,Two year,Electronic check,87.35,2977.53,No
dd8d3a14,Female,1,Yes,Yes,40,No,No,Two year,Credit card,110.74,4471.84,Yes
13cadf85,Male,1,Yes,No,59,Yes,No,One year,Electronic check,117.41,6864.52,No
9f319c54,Female,1,No,No,5,No,No,Month-to-month,Bank transfer,100.89,452.63,Yes
55de3924,Female,1,No,Yes,50,No,Fiber optic,One year,Bank transfer,111.61,5593.24,Yes
e41f9a8f,Male,1,No,Yes,31,No,Fiber optic,One year,Credit card,63.66,1986.32,No
cb8828a5,Female,1,Yes,No,17,Yes,DSL,One year,Electronic check,27.91,443.12,No
38ff9ce2,Female,1,Yes,Yes,52,Yes,No,One year,Credit card,79.59,4103.3,No
444194a1,Female,0,Yes,No,2,Yes,DSL,Month-to-month,Bank transfer,65.32,226.81,Yes
d8e3a07c,Female,0,No,Yes,34,Yes,DSL,Month-to-month,Credit card,85.07,2909.08,Yes
2acc8732,Male,0,No,No,58,Yes,DSL,One year,Electronic check,76.66,4390.28,Yes
a8bfa403,Female,0,No,Yes,19,Yes,No,Two year,Credit card,113.19,2066.49,No
2e8c34a3,Female,1,Yes,Yes,47,No,DSL,Two year,Credit card,101.56,4804.91,Yes
4454eae6,Male,1,Yes,No,25,No,No,Two year,Electronic check,84.28,2039.72,No
5854c942,Male,0,Yes,No,58,Yes,Fiber optic,Two year,Credit card,33.21,1912.17,Yes
33a0d656,Female,0,No,Yes,6,Yes,DSL,One year,Credit card,112.5,700.86,Yes
b13ff1db,Female,0,No,Yes,4,Yes,DSL,Two year,Mailed check,112.08,445.09,Yes
3be1b0ad,Male,0,No,Yes,55,Yes,No,Two year,Electronic check,22.65,1205.97,No
f3cdc413,Male,1,Yes,No,26,Yes,Fiber optic,One year,Mailed check,32.16,811.78,Yes
66de1393,Male,0,No,Yes,45,Yes,Fiber optic,Two year,Mailed check,32.78,1449.81,Yes
ba7ce0ed,Male,0,Yes,Yes,67,No,Fiber optic,One year,Credit card,80.34,5317.64,No
b1fd949b,Female,0,Yes,Yes,55,No,Fiber optic,Month-to-month,Credit card,28.71,1549.05,No
e6d026b8,Male,1,No,Yes,64,Yes,DSL,Two year,Mailed check,98.79,6246.72,Yes
7fe0a352,Female,0,No,No,51,No,DSL,Two year,Mailed check,29.98,1557.94,No
95efb843,Male,0,Yes,Yes,52,Yes,DSL,One year,Mailed check,67.85,3493.06,No
2b18dc88,Male,0,Yes,Yes,66,No,Fiber optic,Two year,Bank transfer,21.69,1352.77,No
ff9455e9,Female,1,Yes,No,52,Yes,Fiber optic,Two year,Mailed check,25.72,1274.05,No
21c286b2,Male,1,Yes,No,9,No,Fiber optic,Month-to-month,Credit card,105.51,872.54,Yes
a6a23c9b,Male,0,Yes,No,30,Yes,No,Month-to-month,Bank transfer,105.68,3260.36,Yes
f34a82d1,Female,0,No,No,52,Yes,No,One year,Credit card,86.11,4479.46,No
774d9d14,Male,1,Yes,No,41,Yes,Fiber optic,Month-to-month,Bank transfer,93.05,3873.2,Yes
2dabae00,Male,1,Yes,No,55,Yes,No,Month-to-month,Bank transfer,117.74,6429.23,Yes
5623439a,Male,0,No,Yes,42,No,DSL,Month-to-month,Credit card,65.09,2733.11,No
ed11218e,Male,0,Yes,No,21,Yes,Fiber optic,Two year,Electronic check,86.67,1734.29,No
d70889d2,Female,1,No,Yes,26,No,No,One year,Credit card,77.16,2056.54,No
25273007,Female,0,Yes,No,28,No,DSL,One year,Electronic check,27.42,753.03,Yes
bd067e6a,Male,0,No,Yes,68,Yes,Fiber optic,Two year,Bank transfer,73.48,4991.67,No
4f3943da,Male,1,Yes,Yes,12,Yes,DSL,One year,Electronic check,83.0,972.45,Yes
172883b4,Female,1,No,No,16,No,Fiber optic,Month-to-month,Credit card,78.61,1228.15,Yes
f5069bef,Female,1,No,No,1,No,No,One year,Credit card,91.1,-8.66,Yes
acaecda5,Female,1,Yes,No,58,No,Fiber optic,Month-to-month,Mailed check,79.31,4684.65,No
3dd02d9d,Female,1,No,No,5,Yes,No,One year,Mailed check,22.31,60.4,Yes
843f1043,Female,0,Yes,No,60,Yes,No,Two year,Bank transfer,64.14,3770.38,No
aad1f94c,Male,1,Yes,No,7,No,DSL,Two year,Mailed check,89.47,645.0,Yes
6af035bd,Female,1,No,No,27,No,Fiber optic,Month-to-month,Bank transfer,62.66,1638.77,Yes
14436c27,Male,1,No,Yes,32,No,Fiber optic,One year,Mailed check,49.85,1561.28,No
7d79d8a7,Female,1,No,No,32,Yes,Fiber optic,Two year,Bank transfer,95.3,2998.09,Yes
814bda7a,Female,0,No,Yes,68,No,No,Two year,Mailed check,95.91,6589.23,Yes
6791df19,Male,0,Yes,No,28,Yes,No,Two year,Bank transfer,118.83,3361.04,Yes
c110d7b3,Female,1,Yes,No,8,No,DSL,One year,Credit card,89.13,636.07,Yes
987aa64c,Female,0,No,No,48,No,DSL,Month-to-month,Electronic check,53.67,2636.23,Yes
2aca78ed,Female,0,Yes,Yes,49,Yes,DSL,Two year,Electronic check,112.89,5461.29,Yes
0c41e72c,Female,0,No,Yes,27,No,Fiber optic,One year,Credit card,93.38,2513.55,Yes
8e48926e,Female,1,No,No,11,Yes,Fiber optic,Month-to-month,Bank transfer,112.27,1256.87,Yes
923f0273,Male,0,Yes,No,11,Yes,Fiber optic,Two year,Electronic check,27.25,386.66,Yes
81eaea7c,Male,0,Yes,Yes,18,No,Fiber optic,One year,Bank transfer,23.35,370.03,Yes
1188dd62,Female,0,Yes,No,30,No,No,One year,Credit card,86.33,2632.74,Yes
dc0b0615,Male,1,No,No,7,Yes,No,Month-to-month,Credit card,35.3,308.04,No
793f5b27,Male,1,Yes,No,5,No,DSL,Month-to-month,Mailed check,50.21,319.34,No
dd03681b,Male,0,Yes,Yes,51,Yes,No,One year,Mailed check,53.83,2735.02,No
6086401c,Male,0,Yes,No,3,No,DSL,Month-to-month,Mailed check,33.44,80.57,Yes
118c1447,Male,1,No,No,60,Yes,No,Month-to-month,Credit card,64.1,3892.81,Yes
f49173a7,Female,0,Yes,Yes,62,Yes,DSL,One year,Electronic check,80.97,4989.61,Yes
19727b36,Male,0,No,Yes,23,Yes,Fiber optic,Two year,Credit card,111.02,2600.4,Yes
381e99b8,Male,0,Yes,Yes,17,No,No,Two year,Electronic check,74.02,1250.03,No
1c9d0d1d,Male,1,No,No,7,No,Fiber optic,Two year,Bank transfer,108.11,668.47,No
beb5e64a,Male,0,No,Yes,34,No,DSL,Two year,Bank transfer,61.39,2111.72,No
85032580,Female,1,No,No,19,No,DSL,Month-to-month,Mailed check,53.95,1099.49,No
2ffb971f,Female,0,Yes,Yes,33,Yes,DSL,Month-to-month,Credit card,111.49,3724.11,Yes
fa3c5d97,Female,0,No,Yes,17,Yes,No,Month-to-month,Credit card,28.45,579.52,Yes
ed68458f,Female,0,Yes,No,59,No,Fiber optic,One year,Electronic check,105.51,6297.68,No
60fd3069,Female,0,No,No,23,Yes,Fiber optic,Month-to-month,Electronic check,79.82,1882.9,Yes
35999d05,Female,0,Yes,No,29,No,Fiber optic,Month-to-month,Bank transfer,75.76,2133.4,Yes
0a5c6d6b,Female,0,No,No,34,No,DSL,Month-to-month,Electronic check,79.11,2718.95,Yes
cb1a7767,Male,0,Yes,Yes,3,No,No,One year,Bank transfer,50.47,219.53,Yes
ac3b262b,Female,0,No,No,49,Yes,No,Month-to-month,Bank transfer,96.6,4770.27,No
c385a8d5,Male,1,No,No,51,No,No,Month-to-month,Bank transfer,62.71,3229.8,Yes
9a3944ab,Female,0,No,Yes,41,Yes,No,One year,Mailed check,99.48,4010.68,No
94f991b8,Female,1,No,Yes,18,Yes,DSL,Two year,Mailed check,22.78,383.82,Yes
ccfbcbf2,Female,0,Yes,No,20,Yes,No,Two year,Credit card,79.14,1545.96,No
f1eac49a,Female,0,Yes,No,38,Yes,Fiber optic,Month-to-month,Credit card,86.41,3374.37,Yes
2dd768a1,Male,0,Yes,Yes,25,Yes,No,Two year,Electronic check,40.48,933.39,No
c9b1da28,Male,1,No,Yes,23,No,DSL,Month-to-month,Bank transfer,105.05,2335.02,Yes
04a074fc,Male,0,No,No,70,Yes,Fiber optic,One year,Electronic check,61.72,4320.3,No
e7d3191a,Male,0,No,No,50,No,No,Month-to-month,Electronic check,50.93,2507.62,No
2f8901e8,Female,1,No,Yes,32,No,Fiber optic,Two year,Credit card,103.19,3306.24,No
b3f3d227,Male,1,Yes,Yes,17,Yes,No,Month-to-month,Mailed check,41.77,741.79,No
de1a338c,Male,0,No,No,3,Yes,DSL,One year,Bank transfer,50.56,64.47,No
2ca67515,Male,0,Yes,Yes,12,Yes,Fiber optic,Month-to-month,Bank transfer,67.11,828.32,No
62ce207c,Female,0,Yes,Yes,29,No,No,Month-to-month,Mailed check,107.52,3102.53,Yes
fdc5690d,Male,0,No,Yes,25,Yes,DSL,Month-to-month,Bank transfer,74.4,1797.71,Yes
4a24b337,Male,1,Yes,Yes,71,No,No,Two year,Mailed check,90.98,6546.64,No
59cf8d9e,Male,0,No,Yes,51,Yes,Fiber optic,One year,Mailed check,73.4,3729.84,Yes
324ebd08,Female,1,Yes,Yes,62,No,Fiber optic,Two year,Electronic check,60.75,3815.9,Yes
3a15cae0,Male,0,Yes,Yes,71,Yes,DSL,Month-to-month,Mailed check,50.47,3638.76,No
ce6b02cd,Male,0,No,No,13,Yes,DSL,Two year,Bank transfer,87.3,1204.73,No
0af3fef4,Female,1,Yes,Yes,52,Yes,DSL,One year,Electronic check,115.27,5990.5,No
651915fb,Male,1,No,No,35,Yes,Fiber optic,Month-to-month,Credit card,44.74,1480.91,Yes
1f833d9a,Female,0,No,No,70,No,DSL,One year,Electronic check,89.28,6219.59,No
c6ed1ea8,Male,1,No,No,22,Yes,DSL,Month-to-month,Bank transfer,81.16,1756.3,Yes
e556a68e,Male,0,No,No,35,No,Fiber optic,Month-to-month,Bank transfer,87.12,3074.85,Yes
f6e59bdc,Female,1,No,Yes,19,Yes,Fiber optic,Two year,Electronic check,96.48,1815.52,No
7b08f627,Female,1,No,No,71,Yes,No,Two year,Credit card,98.18,6962.24,No
054ff2c0,Female,1,No,No,66,Yes,Fiber optic,Two year,Electronic check,39.35,2618.75,No
da3e5261,Male,1,No,No,52,No,DSL,Two year,Credit card,93.31,4859.41,No
32cb8c09,Male,0,Yes,Yes,2,Yes,No,Two year,Credit card,99.23,131.79,Yes
0a933548,Male,0,No,No,52,No,Fiber optic,One year,Bank transfer,33.95,1757.14,Yes
b025353f,Female,0,Yes,No,67,No,No,Two year,Mailed check,30.44,1983.77,No
a3a3e637,Male,1,Yes,Yes,14,Yes,DSL,Month-to-month,Mailed check,75.33,1037.82,No
5aedaee9,Male,1,No,No,6,No,Fiber optic,Two year,Electronic check,87.97,571.86,Yes
ea635153,Male,1,No,Yes,13,Yes,Fiber optic,Month-to-month,Bank transfer,75.8,1038.85,Yes
4ed72949,Male,0,No,No,68,Yes,DSL,Two year,Electronic check,67.21,4553.17,No
8640727f,Female,0,No,No,7,No,Fiber optic,One year,Mailed check,43.09,385.42,Yes
c0f09873,Female,0,No,No,48,Yes,DSL,One year,Mailed check,36.48,1839.04,No
30c23d24,Male,0,No,No,41,Yes,DSL,Month-to-month,Electronic check,113.24,4696.46,Yes
3920ef28,Male,1,No,No,34,Yes,Fiber optic,One year,Bank transfer,69.89,2372.34,No
ee9f261e,Male,0,Yes,No,13,No,DSL,Two year,Bank transfer,104.81,1426.09,No
9d3d430b,Male,0,Yes,Yes,45,No,DSL,Two year,Electronic check,41.82,1815.14,No
eea79267,Female,0,Yes,No,31,No,Fiber optic,Two year,Credit card,112.31,3509.63,Yes
b6897873,Female,0,Yes,No,42,Yes,No,Two year,Bank transfer,75.41,3101.41,No
6f229e9d,Female,1,Yes,Yes,52,No,Fiber optic,One year,Electronic check,31.57,1642.11,Yes
3547c969,Female,1,Yes,No,40,Yes,Fiber optic,One year,Bank transfer,79.93,3148.87,Yes
1287ca47,Female,0,Yes,No,39,No,No,Two year,Bank transfer,63.84,2495.54,No
9ef70e56,Male,1,Yes,Yes,59,Yes,DSL,Two year,Electronic check,39.94,2314.34,No
55dc40c7,Male,0,No,Yes,68,No,No,Month-to-month,Mailed check,41.78,2757.67,No
8094e48e,Female,0,Yes,Yes,65,No,DSL,Two year,Bank transfer,73.49,4711.87,No
f07491ec,Female,0,No,No,72,Yes,Fiber optic,Month-to-month,Mailed check,63.48,4533.75,Yes
b9959d04,Female,0,Yes,No,42,No,DSL,Two year,Electronic check,92.89,3897.91,No
c5e51809,Female,0,Yes,No,49,Yes,No,One year,Credit card,69.66,3460.38,No
b94f4c86,Female,1,No,No,27,Yes,No,Two year,Bank transfer,101.36,2664.03,No
679cd0ec,Male,1,Yes,No,4,Yes,No,Two year,Bank transfer,88.95,278.23,Yes
055fec5c,Female,1,No,No,13,No,No,One year,Bank transfer,90.43,1183.65,Yes
9b6ad6fc,Female,1,Yes,Yes,59,Yes,Fiber optic,Two year,Credit card,78.28,4606.13,No
59bcd999,Male,0,No,Yes,23,No,Fiber optic,Two year,Electronic check,34.35,778.27,Yes
b6212099,Female,1,Yes,No,2,No,Fiber optic,Two year,Bank transfer,112.62,275.36,No
2403ef8f,Male,0,Yes,No,21,No,DSL,Two year,Electronic check,72.31,1496.75,No
fe0c0992,Female,0,Yes,Yes,69,Yes,No,Month-to-month,Credit card,31.41,2083.67,Yes
b3ac81ad,Male,1,Yes,No,14,Yes,Fiber optic,One year,Mailed check,64.53,918.84,No
a9be6dd3,Female,0,Yes,Yes,41,No,No,Month-to-month,Credit card,94.45,3880.14,No
d7b82fbe,Male,0,No,No,3,Yes,DSL,Two year,Electronic check,94.61,208.14,Yes
fb97bc61,Male,1,Yes,Yes,41,No,DSL,One year,Electronic check,54.96,2202.03,No
b07c8c22,Female,0,No,Yes,42,No,No,Month-to-month,Credit card,26.1,1023.33,Yes
493456c7,Male,1,No,Yes,52,Yes,No,Month-to-month,Bank transfer,33.99,1755.45,No
4706ccb9,Male,1,Yes,No,1,No,DSL,One year,Bank transfer,82.66,91.57,Yes
af4d42b8,Female,0,Yes,No,49,Yes,Fiber optic,Month-to-month,Bank transfer,43.94,2150.53,Yes
6052e333,Male,1,No,No,18,No,Fiber optic,One year,Mailed check,103.83,1951.14,Yes
62aa95c3,Female,1,Yes,No,1,Yes,No,Month-to-month,Electronic check,54.31,4.18,No
bf219a56,Female,0,No,No,5,Yes,Fiber optic,Two year,Bank transfer,109.33,571.34,Yes
b5f09ed3,Male,0,Yes,No,48,Yes,No,Two year,Electronic check,116.33,5491.33,No
52a7503c,Female,1,Yes,Yes,63,No,DSL,Two year,Bank transfer,61.97,3888.55,No
07c03f67,Male,1,Yes,Yes,28,No,DSL,Two year,Credit card,112.66,3169.55,No
4e9a2112,Female,0,No,Yes,66,No,Fiber optic,One year,Electronic check,65.43,4272.3,No
8d0ab572,Female,0,No,Yes,16,Yes,No,Month-to-month,Credit card,65.35,1123.25,No
21ed997a,Female,0,No,Yes,40,Yes,DSL,Two year,Credit card,114.71,4606.53,No
bb1b9d91,Male,0,Yes,Yes,28,No,DSL,One year,Bank transfer,60.47,1745.36,No
2fe74af3,Female,0,No,Yes,25,Yes,DSL,One year,Mailed check,71.27,1809.13,No
f6daace5,Male,1,Yes,No,34,No,DSL,Month-to-month,Electronic check,26.78,980.0,Yes
58f60f28,Male,0,No,No,9,Yes,No,One year,Bank transfer,21.97,239.19,No
c3521307,Male,0,Yes,No,71,No,No,One year,Bank transfer,84.32,5898.62,No
5e3fae74,Female,1,Yes,Yes,4,Yes,DSL,One year,Credit card,78.74,362.04,No
5bfe1aff,Male,1,Yes,No,48,Yes,DSL,One year,Mailed check,27.81,1334.08,Yes
9e54ed79,Male,1,No,Yes,14,Yes,DSL,Month-to-month,Bank transfer,73.36,1051.41,Yes
304ab993,Male,0,Yes,Yes,61,No,No,One year,Mailed check,21.2,1302.43,No
1fefe84a,Male,1,Yes,No,31,No,DSL,Two year,Electronic check,59.09,1892.31,Yes
a8d398f8,Male,0,Yes,No,61,Yes,Fiber optic,Month-to-month,Mailed check,80.49,4815.9,Yes
e9474825,Male,0,Yes,No,60,Yes,No,Month-to-month,Credit card,28.95,1787.53,Yes
d74ad5c1,Female,0,No,No,66,No,Fiber optic,One year,Mailed check,67.26,4354.27,Yes
992581fd,Female,1,No,No,15,Yes,No,Month-to-month,Electronic check,119.88,1720.39,No
3351bf9d,Male,0,Yes,No,53,Yes,Fiber optic,Month-to-month,Bank transfer,25.38,1440.81,Yes
6c963bea,Male,0,No,No,19,No,Fiber optic,Two year,Electronic check,54.23,973.3,No
6ac60afa,Female,1,No,Yes,61,Yes,DSL,Month-to-month,Mailed check,108.33,6583.3,Yes
d4ddae33,Male,0,No,No,17,No,No,One year,Bank transfer,67.03,1055.29,No
9c8b2b92,Male,0,Yes,No,70,No,DSL,Month-to-month,Electronic check,55.08,3832.05,Yes
d7342d8b,Female,1,Yes,Yes,37,No,Fiber optic,One year,Credit card,93.25,3510.72,No
09534b8c,Male,1,Yes,No,49,Yes,No,Two year,Bank transfer,119.91,5957.16,No
81269469,Male,0,Yes,No,15,Yes,No,Two year,Mailed check,77.19,1155.99,No
0982ab48,Female,0,No,No,51,No,DSL,Month-to-month,Bank transfer,80.79,4166.36,Yes
b314cc55,Male,1,Yes,Yes,6,Yes,No,Two year,Credit card,70.42,345.97,Yes
bf734bf9,Female,0,Yes,Yes,9,Yes,Fiber optic,Two year,Mailed check,119.79,1017.97,Yes
725ceff2,Female,1,No,Yes,1,Yes,Fiber optic,Two year,Mailed check,26.1,-70.27,No
9a1c32f1,Male,1,Yes,Yes,1,No,DSL,Two year,Electronic check,20.34,24.56,Yes
0e15ed4e,Male,1,No,Yes,20,No,DSL,One year,Credit card,102.04,1968.57,No
3cfa4fd2,Female,1,Yes,Yes,39,Yes,No,Month-to-month,Credit card,74.33,2967.4,No
f863461c,Male,0,Yes,Yes,3,No,No,Two year,Bank transfer,112.14,399.61,Yes
36507b34,Female,1,Yes,No,11,Yes,Fiber optic,Month-to-month,Electronic check,112.96,1247.24,Yes
10a63612,Male,1,No,No,3,No,DSL,Two year,Electronic check,38.91,68.68,Yes
fc255cdf,Female,1,No,No,4,No,No,Two year,Bank transfer,64.65,233.61,No
825a2265,Male,0,Yes,Yes,19,Yes,DSL,Two year,Bank transfer,91.61,1659.69,No
1e408863,Female,1,Yes,No,66,No,DSL,One year,Mailed check,64.67,4352.71,Yes
5f894a18,Male,1,No,No,42,Yes,No,One year,Mailed check,110.48,4633.67,Yes
a2d72d86,Male,1,No,Yes,2,Yes,No,Month-to-month,Mailed check,49.47,30.83,Yes
37472de7,Male,0,Yes,Yes,42,No,Fiber optic,Two year,Electronic check,54.6,2196.78,Yes
0b3dfc10,Male,0,Yes,Yes,55,Yes,No,Month-to-month,Mailed check,60.84,3256.96,Yes
e9e8d2fc,Male,1,No,No,17,Yes,Fiber optic,Two year,Electronic check,76.78,1403.3,Yes
612ac463,Male,1,No,Yes,64,Yes,DSL,One year,Bank transfer,93.54,5973.61,No
4e046724,Male,0,No,Yes,57,Yes,Fiber optic,Two year,Credit card,61.9,3472.05,Yes
064b2064,Female,1,Yes,No,47,No,DSL,Two year,Bank transfer,69.92,3334.94,No
209f4177,Male,0,No,Yes,11,No,DSL,Month-to-month,Bank transfer,69.12,742.29,Yes
151277bb,Female,1,Yes,Yes,58,No,No,One year,Credit card,118.69,6885.9,No
d33267ce,Female,1,No,No,10,Yes,Fiber optic,One year,Credit card,115.64,1180.68,No
34ca1dbd,Male,1,No,No,21,No,DSL,One year,Electronic check,77.82,1662.04,No
7f62ae1c,Female,0,No,Yes,19,Yes,DSL,One year,Bank transfer,32.56,581.28,No
1d137036,Male,0,Yes,No,20,No,Fiber optic,One year,Bank transfer,28.69,631.93,No
0cb67aef,Male,0,Yes,No,37,Yes,DSL,Month-to-month,Credit card,84.28,3035.95,Yes
6693a428,Male,1,Yes,No,1,No,DSL,One year,Bank transfer,105.72,91.53,Yes
7a30fb49,Male,0,Yes,Yes,69,Yes,DSL,One year,Bank transfer,22.32,1521.11,No
c514bb21,Male,0,No,Yes,48,No,DSL,One year,Mailed check,51.1,2484.1,No
37297c3b,Female,0,Yes,Yes,68,Yes,Fiber optic,Month-to-month,Mailed check,62.39,4307.28,No
e39b9e13,Female,0,Yes,Yes,21,Yes,No,Month-to-month,Credit card,26.25,591.02,Yes
fc0cf9a4,Female,1,No,Yes,39,Yes,DSL,Month-to-month,Electronic check,111.9,4359.07,No
7806a2f3,Female,1,No,No,50,No,No,One year,Electronic check,108.41,5351.62,Yes
411184d7,Male,1,Yes,No,2,Yes,Fiber optic,One year,Mailed check,82.87,81.15,Yes
9ddb4b11,Female,1,Yes,Yes,72,No,No,One year,Electronic check,72.85,5318.65,Yes
d22d7880,Male,1,Yes,Yes,15,No,No,Month-to-month,Electronic check,114.55,1639.41,No
5f19b5b4,Male,1,No,No,33,Yes,DSL,Two year,Credit card,68.11,2302.61,No
65e6b837,Male,1,Yes,Yes,1,No,No,Month-to-month,Bank transfer,38.21,-4.43,Yes
baf638de,Male,0,No,Yes,38,No,Fiber optic,Month-to-month,Mailed check,39.42,1551.57,No
4a3290d5,Female,0,No,Yes,49,No,Fiber optic,One year,Credit card,75.15,3751.73,No
6f69a9cd,Male,0,No,No,16,Yes,No,One year,Mailed check,44.59,783.38,No
a097c97a,Female,1,Yes,No,50,Yes,DSL,Month-to-month,Mailed check,27.27,1359.57,Yes
24782855,Male,1,Yes,Yes,15,No,DSL,Two year,Bank transfer,82.0,1303.14,No
94aa8f30,Male,0,No,Yes,14,No,DSL,Month-to-month,Bank transfer,93.86,1334.18,Yes
4b9fc8dc,Male,1,Yes,No,61,Yes,No,Two year,Credit card,91.97,5662.9,No
1a4f9b2a,Female,1,No,Yes,40,No,DSL,One year,Electronic check,75.0,2918.69,No
c3e209a8,Female,1,No,Yes,65,Yes,DSL,One year,Bank transfer,102.03,6648.99,Yes
24e47c3e,Female,0,No,Yes,70,No,Fiber optic,One year,Electronic check,97.04,6873.97,Yes
89a7e2c8,Female,0,Yes,Yes,47,No,DSL,Two year,Credit card,45.96,2135.4,No
46261dbe,Male,1,No,Yes,38,No,Fiber optic,One year,Credit card,63.51,2461.01,No
039f944d,Female,1,No,Yes,14,No,Fiber optic,Two year,Electronic check,22.73,258.93,No
4788a6a6,Female,0,Yes,No,8,No,DSL,One year,Electronic check,41.65,330.54,No
c85f2b1e,Female,1,No,Yes,59,No,No,Month-to-month,Mailed check,87.17,5119.69,Yes
c2622e4d,Male,1,No,No,24,Yes,Fiber optic,Month-to-month,Credit card,75.5,1878.78,Yes
6c4d9cc7,Female,0,No,No,19,Yes,DSL,Two year,Bank transfer,67.82,1202.1,No
101201a5,Male,0,No,No,46,Yes,Fiber optic,Two year,Credit card,80.37,3640.6,Yes
b904f77b,Male,0,Yes,No,23,Yes,DSL,One year,Bank transfer,25.75,559.17,No
55646c79,Male,1,No,Yes,54,No,No,One year,Credit card,94.22,5179.28,No
ce83c575,Female,1,No,Yes,53,No,No,Two year,Credit card,65.02,3493.41,No
6c90448d,Female,0,Yes,No,10,Yes,No,Month-to-month,Bank transfer,78.67,859.23,No
96dd8ff0,Male,0,Yes,No,59,No,DSL,Two year,Mailed check,92.86,5414.79,No
a6e61783,Female,0,Yes,No,63,Yes,DSL,One year,Credit card,62.59,3867.31,Yes
464fc6b0,Male,0,No,Yes,37,Yes,No,Two year,Mailed check,46.82,1742.84,No
f93e3723,Female,0,Yes,No,23,No,Fiber optic,Two year,Electronic check,38.72,970.26,No
5efda7bd,Male,1,Yes,Yes,64,No,DSL,Two year,Electronic check,102.88,6496.43,No
926a0c32,Male,0,Yes,Yes,25,No,No,One year,Electronic check,64.56,1669.71,No
89aa5fd6,Female,0,Yes,No,59,No,No,One year,Mailed check,38.35,2346.01,No
e7dbfa4e,Female,0,No,Yes,56,Yes,No,Month-to-month,Mailed check,117.89,6685.02,No
eb2cd188,Male,0,Yes,No,45,Yes,Fiber optic,Two year,Electronic check,81.58,3693.65,No
d1f0e384,Male,1,No,No,64,Yes,No,Month-to-month,Electronic check,38.02,2505.52,Yes
73726a65,Male,0,No,No,17,Yes,Fiber optic,One year,Bank transfer,103.04,1795.39,No
361ae6d1,Female,1,No,Yes,63,No,Fiber optic,Two year,Electronic check,46.48,2978.02,No
136cee4b,Male,0,Yes,Yes,64,Yes,DSL,Month-to-month,Electronic check,119.37,7690.39,Yes
d263aae4,Male,1,Yes,Yes,24,Yes,DSL,One year,Electronic check,97.16,2412.66,Yes
aba1ba31,Male,0,Yes,No,45,No,DSL,Month-to-month,Mailed check,115.71,5156.4,Yes
4d909847,Male,1,Yes,No,45,No,No,Two year,Mailed check,105.35,4652.63,Yes
a12e70d5,Female,1,Yes,No,27,Yes,DSL,Month-to-month,Mailed check,82.38,2275.27,No
3ea0ab29,Female,0,No,Yes,1,Yes,No,Two year,Mailed check,101.18,6.51,Yes
16535b07,Male,0,Yes,Yes,8,No,Fiber optic,Two year,Bank transfer,64.43,482.11,No
599c1071,Male,1,No,Yes,52,No,No,One year,Bank transfer,39.81,2066.34,Yes
d44ec468,Female,0,Yes,Yes,12,Yes,No,One year,Electronic check,76.64,1000.02,Yes
15842a56,Female,1,No,No,62,Yes,Fiber optic,Month-to-month,Bank transfer,57.24,3593.39,Yes
6bba7fff,Male,0,No,No,19,Yes,DSL,One year,Credit card,90.12,1790.35,Yes
b9c6b141,Female,0,Yes,No,35,Yes,DSL,Month-to-month,Bank transfer,26.11,847.09,No
8b093d99,Male,1,No,No,35,No,No,Month-to-month,Electronic check,40.99,1489.03,Yes
3d8be24d,Male,0,Yes,No,18,No,Fiber optic,Month-to-month,Bank transfer,46.09,850.71,Yes
add8a0ba,Female,1,No,No,70,Yes,DSL,Two year,Bank transfer,99.12,6956.54,No
e1cb8fed,Male,1,Yes,No,27,No,No,Two year,Credit card,108.06,2969.13,Yes
5cf438d7,Male,1,Yes,No,70,No,DSL,One year,Bank transfer,86.55,6150.51,No
addd4457,Male,1,No,No,62,Yes,No,Month-to-month,Bank transfer,33.5,2134.71,Yes
8f2cccf5,Female,0,Yes,Yes,41,Yes,Fiber optic,Two year,Mailed check,93.71,3758.14,Yes
cc5db584,Female,1,Yes,No,46,Yes,Fiber optic,Two year,Mailed check,92.93,4307.52,Yes
54406045,Male,0,Yes,Yes,2,No,DSL,Month-to-month,Bank transfer,29.06,147.27,Yes
43d80440,Female,1,Yes,No,51,No,DSL,Month-to-month,Credit card,37.02,1926.74,Yes
de0c8d7f,Male,0,Yes,Yes,25,Yes,No,One year,Electronic check,38.51,958.19,No
0adbec51,Female,0,Yes,Yes,32,Yes,DSL,Two year,Mailed check,57.07,1766.4,No
e12e710f,Male,1,No,No,49,No,DSL,One year,Mailed check,105.22,5194.75,No
886b6ea1,Female,1,No,Yes,52,No,DSL,One year,Credit card,31.09,1653.7,No
296edba3,Female,1,No,Yes,2,Yes,DSL,One year,Mailed check,21.47,8.05,No
424638fb,Female,0,No,Yes,15,No,Fiber optic,Month-to-month,Electronic check,40.56,681.87,Yes
7647eaad,Female,1,Yes,Yes,39,No,Fiber optic,Month-to-month,Bank transfer,33.72,1255.09,No
c4bcee51,Male,1,No,Yes,23,No,No,One year,Bank transfer,66.39,1558.67,No
cc2bb084,Female,1,Yes,No,38,Yes,Fiber optic,One year,Electronic check,38.01,1539.32,No
14ee4815,Male,0,Yes,Yes,12,No,No,Two year,Mailed check,103.59,1241.96,Yes
e505d4da,Female,0,No,No,72,Yes,DSL,One year,Credit card,41.92,2979.77,No
ca79d311,Female,0,No,Yes,65,No,No,One year,Electronic check,102.39,6669.87,No
e881aa54,Female,0,No,Yes,18,Yes,No,One year,Credit card,61.8,1125.96,Yes
63a7cccd,Female,1,Yes,Yes,1,No,No,One year,Bank transfer,79.56,24.99,No
50278a68,Male,0,No,No,36,Yes,DSL,Two year,Electronic check,43.45,1620.25,No
c97e73f0,Female,1,No,Yes,40,No,No,One year,Electronic check,68.87,2784.31,No
f69164d3,Female,1,No,Yes,7,No,Fiber optic,Two year,Bank transfer,59.62,392.38,Yes
a0ae3576,Male,0,Yes,Yes,30,No,Fiber optic,Month-to-month,Bank transfer,60.41,1897.22,Yes
a08d22f8,Female,1,No,Yes,61,No,DSL,Month-to-month,Bank transfer,112.45,6792.84,Yes
aa9bf89e,Male,0,No,No,31,No,DSL,One year,Bank transfer,56.33,1796.81,No
32bf3d0c,Female,0,No,Yes,66,Yes,No,One year,Credit card,44.56,2846.37,Yes
1a2e58bc,Female,0,No,No,24,Yes,No,One year,Bank transfer,93.49,2227.89,No
014600f5,Male,0,No,Yes,65,No,Fiber optic,Month-to-month,Credit card,95.99,6274.6,Yes
b3e61233,Male,1,Yes,No,52,Yes,Fiber optic,Two year,Electronic check,22.41,1234.09,No
c119016f,Female,1,Yes,Yes,34,Yes,DSL,Two year,Credit card,84.79,2895.07,Yes
3957315c,Male,0,Yes,Yes,9,No,DSL,Two year,Credit card,60.22,474.55,No
20379914,Male,1,No,No,16,No,DSL,One year,Mailed check,76.19,1202.78,Yes
fbece2eb,Male,0,No,No,22,Yes,DSL,Month-to-month,Mailed check,60.52,1289.83,No
3b119a4a,Male,0,Yes,No,15,No,Fiber optic,Two year,Credit card,48.23,778.47,No
edf3dfdb,Female,1,Yes,Yes,25,Yes,No,Two year,Mailed check,20.2,456.69,No
8df9f9ae,Female,1,Yes,Yes,10,No,Fiber optic,One year,Electronic check,66.59,673.66,No
cbe04620,Male,1,Yes,No,68,Yes,DSL,Month-to-month,Credit card,77.99,5354.44,No
95edddb0,Female,0,Yes,No,26,Yes,Fiber optic,Month-to-month,Electronic check,113.95,3017.64,Yes
ada3a6c2,Male,1,Yes,No,27,Yes,No,Month-to-month,Electronic check,23.11,649.79,Yes
42ce8120,Female,1,Yes,No,38,No,DSL,One year,Electronic check,103.29,3993.51,Yes
18a26a1a,Male,1,No,No,12,No,No,One year,Electronic check,27.53,338.33,No
4f767dbf,Male,0,No,Yes,17,No,DSL,Month-to-month,Mailed check,21.56,273.14,Yes
49987fd1,Female,1,Yes,Yes,36,Yes,Fiber optic,Two year,Mailed check,46.93,1654.69,No
202717fc,Female,1,Yes,No,2,Yes,No,Two year,Mailed check,93.58,146.21,Yes
4c1aae92,Female,0,No,No,12,Yes,Fiber optic,Month-to-month,Bank transfer,113.88,1297.8,Yes
8f9014f6,Female,1,Yes,No,32,Yes,DSL,One year,Mailed check,81.0,2621.81,Yes
8e030f04,Female,1,Yes,Yes,46,No,Fiber optic,One year,Electronic check,55.49,2592.22,No
80d8928b,Female,1,No,Yes,35,No,DSL,Two year,Electronic check,104.04,3721.17,No
6870b135,Female,0,No,No,36,No,DSL,Month-to-month,Mailed check,113.91,4080.77,Yes
3b7a9a7b,Male,0,No,Yes,37,No,Fiber optic,Two year,Credit card,78.53,2831.48,Yes
8f6e177b,Male,1,No,No,24,Yes,DSL,Two year,Electronic check,36.58,860.07,No
2922eaf9,Female,0,No,No,25,No,No,Two year,Mailed check,109.25,2706.64,Yes
1bd44c73,Male,0,Yes,No,58,Yes,DSL,One year,Bank transfer,81.09,4677.65,Yes
ca665678,Female,0,Yes,Yes,13,Yes,DSL,Two year,Electronic check,52.74,706.24,No
fa12caa5,Male,1,No,Yes,9,Yes,No,Two year,Credit card,48.96,350.57,Yes
dabe2599,Female,0,No,Yes,37,No,Fiber optic,Month-to-month,Electronic check,93.11,3457.87,Yes
16c5a640,Male,1,No,Yes,17,No,No,One year,Bank transfer,23.32,419.02,No
ce5f075e,Female,1,Yes,No,20,No,DSL,One year,Electronic check,25.56,447.73,No
45538b91,Male,1,Yes,No,17,No,DSL,Two year,Bank transfer,111.54,1909.86,No
5bcd96e3,Female,0,No,No,32,Yes,Fiber optic,Two year,Credit card,82.79,2549.84,No
49dc5255,Male,1,No,Yes,38,Yes,Fiber optic,Month-to-month,Credit card,104.96,3889.83,Yes
b90d41c7,Female,0,Yes,Yes,25,Yes,DSL,One year,Electronic check,68.22,1729.23,No
acb2ca32,Male,0,No,Yes,64,Yes,Fiber optic,Month-to-month,Electronic check,119.06,7589.76,No
a04aa3db,Female,0,No,No,67,No,DSL,Month-to-month,Bank transfer,68.43,4526.8,No
a121842c,Female,1,Yes,Yes,71,No,Fiber optic,One year,Electronic check,80.89,5799.14,No
7e7b936d,Male,1,No,Yes,9,No,Fiber optic,Two year,Credit card,112.3,1087.67,Yes
313df0d8,Female,0,Yes,No,12,Yes,DSL,Two year,Bank transfer,68.33,767.74,No
8d32190a,Male,0,No,No,10,No,Fiber optic,Month-to-month,Bank transfer,75.83,729.1,Yes
c5d8c83c,Male,0,No,No,35,Yes,Fiber optic,Two year,Mailed check,91.83,3237.88,No
53f6d076,Male,1,No,Yes,7,Yes,No,Month-to-month,Bank transfer,48.51,357.14,No
bfd48ff9,Male,1,Yes,Yes,70,No,DSL,Two year,Mailed check,34.96,2363.49,No
daf98800,Male,1,Yes,No,70,No,No,One year,Electronic check,75.47,5319.8,No
6f869fe2,Male,0,No,No,21,Yes,Fiber optic,One year,Credit card,80.81,1664.6,No
4b4eece2,Male,0,No,No,26,Yes,Fiber optic,One year,Bank transfer,25.55,602.27,No
1fd4cfbe,Male,0,Yes,No,65,Yes,DSL,One year,Mailed check,91.98,5999.72,No
11296f0f,Female,0,No,Yes,11,No,Fiber optic,Month-to-month,Credit card,29.19,357.24,Yes
56e8f352,Female,1,Yes,Yes,21,Yes,DSL,Two year,Electronic check,100.03,2048.82,Yes
acbded04,Female,1,No,No,41,No,DSL,Two year,Credit card,42.59,1827.19,No
ca990c52,Male,0,No,No,8,Yes,DSL,Two year,Mailed check,106.35,886.58,Yes
82bd0e53,Female,1,Yes,Yes,44,No,Fiber optic,One year,Credit card,92.92,4103.8,Yes
e4b01da4,Female,0,Yes,Yes,49,No,DSL,Month-to-month,Credit card,112.28,5474.38,No
6ed07815,Male,1,No,Yes,63,Yes,DSL,Month-to-month,Credit card,101.3,6463.34,Yes
d90b0af7,Male,0,No,No,51,Yes,Fiber optic,Month-to-month,Electronic check,59.58,3025.37,No
3addd861,Male,0,Yes,Yes,70,Yes,No,Month-to-month,Electronic check,78.78,5416.79,No
4a7921d0,Female,1,No,Yes,47,Yes,DSL,One year,Mailed check,33.53,1597.57,No
7b3a48e7,Female,0,No,No,24,No,No,Two year,Credit card,116.92,2714.41,Yes
64752d30,Female,0,No,No,42,Yes,No,Two year,Mailed check,45.78,1877.43,No
85e9da7a,Female,1,Yes,No,66,No,No,Two year,Electronic check,29.06,1929.45,No
a8b953e4,Female,0,Yes,No,43,No,No,Month-to-month,Bank transfer,59.81,2553.06,Yes
31fb0abc,Female,0,Yes,No,49,Yes,DSL,One year,Credit card,21.21,1133.19,No
8a66f12f,Male,0,No,No,38,Yes,Fiber optic,One year,Electronic check,64.89,2493.89,Yes
f22e3675,Male,0,No,No,10,Yes,DSL,Month-to-month,Credit card,57.45,514.31,Yes
4daf33cd,Female,1,No,Yes,41,Yes,No,One year,Electronic check,62.32,2524.49,Yes
b2f797c4,Female,1,Yes,Yes,32,No,Fiber optic,Two year,Electronic check,79.07,2491.76,No
ad18de79,Female,1,No,Yes,60,No,DSL,One year,Electronic check,78.35,4664.86,No
332fca92,Female,1,No,Yes,43,No,DSL,Month-to-month,Bank transfer,58.83,2454.3,Yes
5e2a0d87,Male,1,No,Yes,60,Yes,No,Month-to-month,Credit card,24.92,1432.35,No
64a613b0,Male,1,Yes,No,13,Yes,Fiber optic,Two year,Credit card,76.37,925.6,Yes
d3dffd22,Male,0,No,Yes,18,Yes,Fiber optic,One year,Bank transfer,41.03,838.2,Yes
dcdf5393,Female,1,Yes,Yes,51,Yes,Fiber optic,One year,Mailed check,113.48,5866.63,Yes
2f20a66e,Male,0,No,Yes,69,Yes,DSL,Month-to-month,Mailed check,106.75,7396.09,Yes
b0f3d0b6,Female,1,No,Yes,55,Yes,No,Month-to-month,Bank transfer,81.68,4437.99,Yes
d08abe61,Male,1,No,Yes,2,No,DSL,One year,Bank transfer,99.97,196.59,No
31c955da,Male,0,No,No,42,Yes,DSL,Two year,Mailed check,63.64,2710.83,Yes
9b1aada6,Female,0,No,Yes,28,Yes,No,One year,Mailed check,87.34,2382.38,No
6bb6a277,Female,1,Yes,No,10,Yes,DSL,Two year,Credit card,61.42,659.4,No
808ccb64,Female,1,Yes,No,27,Yes,DSL,One year,Bank transfer,75.85,1958.42,Yes
dbb3232d,Female,0,Yes,No,5,No,No,One year,Electronic check,84.03,478.37,No
54156ab3,Female,0,Yes,Yes,47,Yes,DSL,One year,Bank transfer,70.63,3305.22,No
f452559b,Female,1,No,Yes,32,No,No,Two year,Bank transfer,90.66,2839.3,No
ac6d1b11,Male,0,No,No,58,Yes,No,Two year,Mailed check,46.73,2729.34,No
020bc11f,Female,1,Yes,Yes,33,No,DSL,One year,Bank transfer,79.87,2676.92,Yes
3e529a81,Male,1,Yes,Yes,56,Yes,DSL,Two year,Bank transfer,49.66,2706.47,Yes
89568b70,Male,0,Yes,No,43,No,DSL,One year,Bank transfer,81.59,3520.85,Yes
aec64fa8,Male,1,No,No,21,No,No,Two year,Bank transfer,33.75,647.37,No
4925fb6b,Female,0,Yes,No,65,No,No,Two year,Mailed check,89.61,5737.49,Yes
09a767a3,Female,1,No,No,9,No,DSL,Two year,Mailed check,58.79,439.01,No
abe02911,Female,1,No,Yes,69,Yes,DSL,One year,Bank transfer,117.25,8183.96,No
e79bf45f,Male,1,Yes,Yes,1,No,DSL,One year,Mailed check,105.63,177.25,No
b36f1997,Female,1,No,No,11,No,Fiber optic,Month-to-month,Bank transfer,58.42,569.1,No
a9a7cff2,Female,1,Yes,Yes,64,No,Fiber optic,One year,Bank transfer,86.55,5543.75,No
073e83c0,Female,1,Yes,No,61,Yes,Fiber optic,Month-to-month,Credit card,63.1,3750.24,Yes
e9d05b01,Female,0,No,No,46,Yes,Fiber optic,One year,Electronic check,27.13,1224.5,Yes
906ca031,Female,0,No,Yes,66,Yes,DSL,One year,Mailed check,78.87,5199.88,No
61cac2ce,Female,0,Yes,Yes,41,No,DSL,Two year,Credit card,102.06,4257.91,No
29d24371,Female,0,Yes,Yes,35,Yes,Fiber optic,Two year,Electronic check,35.39,1181.08,Yes
29fdf534,Female,1,No,No,36,Yes,No,Two year,Electronic check,94.67,3350.64,No
e387ee5c,Female,1,Yes,No,35,No,DSL,One year,Mailed check,53.66,1808.67,No
6356d224,Male,1,No,No,6,Yes,No,One year,Credit card,66.4,369.19,No
f28a77f9,Female,0,Yes,Yes,33,No,No,Two year,Electronic check,87.68,2971.09,No
77ca4deb,Male,1,No,No,35,Yes,DSL,Month-to-month,Electronic check,34.71,1289.23,No
e01aa545,Female,1,No,No,60,No,DSL,Month-to-month,Electronic check,39.12,2309.64,No
7d6074f4,Female,0,No,Yes,47,Yes,No,Month-to-month,Bank transfer,80.97,3896.72,Yes
8f2942d9,Female,1,Yes,No,1,Yes,No,Month-to-month,Bank transfer,70.09,121.01,Yes
35e17cc2,Female,1,Yes,No,32,No,DSL,One year,Bank transfer,84.67,2653.4,No
7e20d0a6,Male,0,Yes,Yes,62,No,Fiber optic,Month-to-month,Mailed check,49.25,3056.77,Yes
f22eeb60,Female,1,No,No,12,No,Fiber optic,Month-to-month,Mailed check,118.17,1423.97,Yes
15d7bfec,Male,0,Yes,No,54,Yes,Fiber optic,Month-to-month,Mailed check,82.29,4462.4,Yes
f0c2bbfc,Male,0,Yes,No,58,No,DSL,Month-to-month,Mailed check,82.47,4872.43,Yes
2e212867,Female,0,No,No,35,No,No,Two year,Credit card,107.29,3798.04,No
f6a49852,Male,1,Yes,No,34,Yes,Fiber optic,One year,Bank transfer,27.06,978.25,Yes
744065c2,Female,0,No,No,60,Yes,Fiber optic,Month-to-month,Credit card,71.42,4255.75,Yes
844c1a08,Male,1,Yes,Yes,52,No,No,One year,Credit card,102.68,5281.38,Yes
537b52b2,Male,0,No,Yes,52,Yes,No,One year,Electronic check,27.93,1399.92,Yes
d8734e85,Male,0,Yes,No,20,Yes,No,Two year,Credit card,112.84,2286.21,No
192cba26,Male,0,Yes,No,52,Yes,DSL,Two year,Electronic check,58.8,3109.69,No
d2142959,Female,1,Yes,Yes,72,No,DSL,Month-to-month,Bank transfer,34.4,2487.46,No
e53a4528,Male,0,No,No,6,No,No,Two year,Credit card,62.07,338.0,No
90b9eb5d,Female,0,No,Yes,2,No,DSL,Two year,Mailed check,100.04,188.53,Yes
656b59bf,Male,1,No,No,57,No,No,Month-to-month,Electronic check,87.61,4900.32,Yes
d4ab121e,Female,0,No,Yes,6,Yes,DSL,Two year,Electronic check,51.12,403.09,Yes
aea2e330,Female,1,Yes,No,20,No,DSL,One year,Mailed check,113.62,2367.96,No
c5ca9536,Male,1,Yes,Yes,69,No,No,Two year,Credit card,80.17,5580.46,No
4f79ddbc,Male,1,No,No,35,No,Fiber optic,One year,Credit card,55.72,1952.68,Yes
ff05aac5,Female,1,Yes,Yes,3,No,No,Month-to-month,Bank transfer,26.64,23.51,Yes
55d11043,Female,1,Yes,Yes,64,Yes,No,Month-to-month,Mailed check,56.61,3664.32,Yes
44adb46b,Male,0,Yes,Yes,12,No,No,Two year,Bank transfer,53.14,611.34,No
62b3bd7b,Female,1,No,Yes,12,No,DSL,One year,Bank transfer,57.59,789.61,No
a58ebef5,Male,1,No,No,27,No,No,One year,Bank transfer,49.99,1408.67,Yes
191c6f24,Male,1,No,Yes,11,Yes,No,Two year,Electronic check,112.16,1231.17,Yes
ce4b1d8e,Male,1,Yes,No,22,No,No,One year,Electronic check,27.69,642.06,No
78b6a7a2,Female,0,No,Yes,62,Yes,No,Two year,Bank transfer,58.66,3714.79,No
0e03f063,Female,0,No,Yes,17,No,DSL,Two year,Mailed check,73.6,1208.92,No
c7ccb2b4,Female,1,No,No,24,No,Fiber optic,One year,Credit card,31.66,837.98,Yes
1e5fa469,Male,1,Yes,Yes,10,Yes,Fiber optic,Two year,Mailed check,20.15,300.98,Yes
95adc74f,Male,1,No,No,29,No,DSL,Month-to-month,Mailed check,46.87,1376.91,No
3d743a84,Female,0,No,Yes,3,No,DSL,Two year,Bank transfer,29.38,160.99,No
9235a569,Female,1,No,No,38,No,Fiber optic,Month-to-month,Electronic check,22.69,795.06,Yes
a682eb26,Male,0,No,Yes,18,Yes,DSL,Month-to-month,Credit card,106.86,1898.86,Yes
a322e7cc,Male,1,Yes,No,46,No,No,Two year,Bank transfer,93.51,4330.03,No
20dcfdff,Female,0,Yes,Yes,49,No,Fiber optic,Month-to-month,Electronic check,105.08,5101.46,Yes
0f4894d0,Female,1,No,Yes,44,Yes,Fiber optic,Month-to-month,Bank transfer,26.35,1203.8,No
06d3a3db,Male,0,No,No,69,No,Fiber optic,Month-to-month,Credit card,111.06,7608.88,No
575cb485,Male,1,Yes,No,49,Yes,No,One year,Credit card,93.12,4602.03,No
e5a2d5d4,Male,1,Yes,No,15,Yes,No,One year,Credit card,46.07,747.38,No
8aa3c6eb,Male,0,No,Yes,42,Yes,Fiber optic,Two year,Credit card,48.54,2026.84,No
bb2b739e,Female,0,Yes,Yes,13,No,DSL,Month-to-month,Bank transfer,92.31,1207.21,Yes
352f060f,Male,0,No,Yes,30,Yes,No,Month-to-month,Electronic check,63.31,1906.27,Yes
2553887c,Female,1,Yes,Yes,52,No,DSL,One year,Bank transfer,83.09,4284.7,No
187e51d8,Male,0,Yes,No,26,Yes,Fiber optic,Month-to-month,Bank transfer,44.44,1217.17,No
43990368,Male,1,No,Yes,7,Yes,Fiber optic,Two year,Bank transfer,38.47,180.14,No
85a83c9e,Male,1,No,Yes,37,No,DSL,Month-to-month,Credit card,94.09,3400.5,Yes
c9ec93a1,Male,1,Yes,Yes,41,Yes,DSL,Month-to-month,Credit card,93.85,3861.13,No
adf27e54,Male,0,No,No,18,Yes,DSL,One year,Mailed check,47.79,766.52,No
1e7fc308,Female,0,No,Yes,4,Yes,DSL,Two year,Electronic check,29.56,150.89,No
967d62f3,Male,0,Yes,No,13,No,DSL,One year,Credit card,39.24,538.47,No
470bd59e,Female,1,No,No,53,Yes,Fiber optic,Month-to-month,Mailed check,87.93,4626.94,Yes
c3cdf8a8,Female,0,Yes,No,23,No,DSL,One year,Bank transfer,46.37,1068.91,No
47cbdc60,Male,0,No,No,61,Yes,Fiber optic,Month-to-month,Bank transfer,82.51,5106.5,Yes
43f46b3e,Female,0,Yes,No,43,Yes,Fiber optic,One year,Bank transfer,88.84,3919.58,Yes
7d2addb3,Female,1,Yes,Yes,66,No,Fiber optic,One year,Electronic check,26.06,1803.18,No
c9d91a9d,Female,1,Yes,No,48,Yes,Fiber optic,One year,Credit card,35.93,1800.27,No
bb944027,Male,1,No,Yes,71,No,Fiber optic,Month-to-month,Mailed check,108.82,7775.81,Yes
afe7df8a,Male,0,No,No,61,Yes,No,Two year,Credit card,28.18,1747.17,No
dc8c4b80,Male,0,No,Yes,37,No,Fiber optic,Two year,Mailed check,61.08,2225.66,No
48850f92,Male,1,Yes,Yes,61,No,No,Two year,Electronic check,79.02,4767.49,Yes
4b99ae8e,Male,0,No,Yes,66,No,DSL,Month-to-month,Mailed check,85.58,5687.21,Yes
0784439a,Male,1,Yes,No,8,No,DSL,Month-to-month,Bank transfer,67.15,470.41,No
257b2575,Female,1,No,Yes,27,No,Fiber optic,One year,Mailed check,31.78,953.9,No
18f5bc8f,Female,1,Yes,Yes,36,Yes,DSL,Two year,Credit card,103.83,3787.61,Yes
c933ee00,Female,0,Yes,Yes,59,Yes,No,Two year,Bank transfer,33.87,2084.48,No
d92c2a18,Female,0,Yes,No,53,Yes,No,One year,Credit card,90.25,4759.9,No
f163871e,Male,0,Yes,No,28,Yes,DSL,Month-to-month,Credit card,52.86,1500.1,Yes
0235d319,Female,0,Yes,No,35,No,DSL,Month-to-month,Mailed check,93.14,3166.68,Yes
25147645,Female,1,Yes,Yes,62,Yes,Fiber optic,Two year,Electronic check,85.68,5253.18,Yes
f7925482,Female,0,Yes,Yes,56,Yes,Fiber optic,Month-to-month,Electronic check,69.36,3827.46,Yes
d5d5a79f,Female,1,Yes,Yes,40,Yes,DSL,Month-to-month,Credit card,85.62,3509.34,No
bd3609c3,Male,1,Yes,Yes,32,No,Fiber optic,Month-to-month,Bank transfer,49.2,1498.8,Yes
218555d5,Male,1,Yes,No,26,Yes,No,One year,Electronic check,27.47,626.5,No
0680e0a1,Male,0,Yes,No,11,Yes,DSL,Two year,Credit card,52.39,572.4,Yes
300009fd,Male,1,No,No,18,No,DSL,Month-to-month,Electronic check,50.35,899.09,Yes
290517f3,Female,1,No,No,18,No,No,Month-to-month,Mailed check,110.86,2082.26,Yes
9fa0b3e7,Male,1,No,Yes,55,No,DSL,Two year,Electronic check,38.75,2045.6,No
baf46e90,Male,0,No,Yes,22,No,Fiber optic,One year,Electronic check,44.95,919.25,No
da98e706,Female,0,No,No,7,Yes,DSL,Two year,Credit card,61.1,460.39,No
3300018d,Female,0,No,No,42,Yes,Fiber optic,Two year,Electronic check,37.55,1608.3,Yes
b6201100,Female,1,Yes,Yes,60,Yes,Fiber optic,Two year,Bank transfer,78.37,4721.64,No
28aac351,Female,1,Yes,No,48,No,No,Two year,Bank transfer,30.6,1566.88,No
81c24886,Female,1,Yes,No,65,No,Fiber optic,Month-to-month,Electronic check,49.62,3154.43,Yes
8de54ee2,Female,0,Yes,Yes,47,Yes,Fiber optic,Month-to-month,Electronic check,22.59,1038.29,Yes
d95ca04c,Female,0,Yes,Yes,49,Yes,DSL,One year,Bank transfer,70.92,3566.22,No
2b18b978,Male,1,Yes,No,53,No,Fiber optic,Two year,Electronic check,60.92,3248.66,Yes
3beb1b5b,Male,0,Yes,Yes,22,Yes,Fiber optic,Month-to-month,Mailed check,39.22,906.86,Yes
f3f55973,Female,1,Yes,Yes,37,No,DSL,One year,Mailed check,21.32,744.38,No
b6a02adf,Male,0,Yes,Yes,12,No,Fiber optic,One year,Electronic check,23.9,337.06,No
4b941534,Male,1,Yes,Yes,4,No,DSL,One year,Bank transfer,102.6,499.54,No
a344b71e,Female,0,Yes,Yes,38,Yes,Fiber optic,Two year,Credit card,31.77,1247.3,No
b9d662c8,Male,1,No,Yes,70,Yes,DSL,One year,Bank transfer,21.72,1434.96,No
c440ae1e,Male,0,Yes,No,34,Yes,Fiber optic,One year,Mailed check,48.79,1669.99,Yes
b73ef2f6,Male,0,Yes,Yes,45,Yes,No,Two year,Electronic check,69.77,3222.2,No
00d796fb,Female,0,No,No,57,No,No,Month-to-month,Credit card,45.06,2651.96,Yes
e27114bf,Male,0,No,No,48,Yes,No,Month-to-month,Bank transfer,79.24,3764.73,No
7e7b9712,Male,0,No,No,39,No,No,Two year,Credit card,55.93,2111.92,No
9eabc5a2,Female,0,Yes,No,59,No,Fiber optic,One year,Credit card,44.06,2590.01,Yes
72ed8466,Male,0,Yes,No,12,Yes,DSL,Two year,Bank transfer,112.64,1335.33,Yes
2a74f29a,Female,1,No,Yes,62,No,No,Month-to-month,Credit card,92.29,5745.17,Yes
108e398b,Female,1,Yes,Yes,2,No,No,Month-to-month,Mailed check,73.15,181.36,Yes
9aab8cf5,Female,1,Yes,No,11,No,No,Month-to-month,Bank transfer,65.44,645.04,Yes
650e446e,Female,0,Yes,Yes,41,No,DSL,Two year,Credit card,65.85,2769.02,No
ce652cf6,Female,1,No,Yes,22,Yes,DSL,Month-to-month,Mailed check,56.89,1163.87,No
8316e914,Male,0,Yes,No,11,No,No,Month-to-month,Credit card,52.22,581.98,Yes
1624abee,Female,0,Yes,Yes,24,Yes,DSL,Two year,Credit card,110.48,2689.55,Yes
5e5f9df0,Male,1,No,No,4,Yes,DSL,Two year,Electronic check,50.2,182.25,No
32ea873a,Male,1,Yes,Yes,61,Yes,DSL,One year,Mailed check,105.84,6523.08,No
a83d80fc,Male,0,Yes,Yes,65,Yes,DSL,One year,Mailed check,24.52,1600.13,Yes
758764eb,Male,0,Yes,Yes,32,Yes,No,One year,Credit card,41.16,1340.92,No
5c5b5deb,Male,1,No,No,44,No,Fiber optic,Month-to-month,Credit card,63.03,2748.68,No
cf6ea314,Female,0,Yes,Yes,1,Yes,DSL,Two year,Mailed check,92.71,108.58,Yes
01317dc1,Female,1,No,No,11,Yes,Fiber optic,One year,Electronic check,116.24,1308.82,Yes
40452a63,Male,0,Yes,No,57,No,Fiber optic,Two year,Bank transfer,21.28,1260.98,No
cae7198b,Female,0,Yes,Yes,55,Yes,DSL,One year,Bank transfer,116.92,6472.9,No
95d4389c,Male,0,Yes,Yes,21,Yes,Fiber optic,Two year,Credit card,75.38,1647.25,No
390e4d69,Female,0,No,Yes,32,No,No,One year,Credit card,26.92,784.22,No
95733b51,Male,0,No,No,32,No,DSL,One year,Bank transfer,33.55,1013.28,Yes
625f41ed,Male,1,Yes,Yes,54,No,Fiber optic,Month-to-month,Mailed check,42.07,2271.38,Yes
393ded3b,Male,0,Yes,Yes,44,No,No,Two year,Mailed check,97.29,4229.89,No
7cc3b9f3,Female,0,No,Yes,56,No,Fiber optic,Two year,Credit card,54.46,3081.5,Yes
11686776,Male,1,Yes,Yes,71,Yes,Fiber optic,One year,Electronic check,40.17,2888.67,No
848f6972,Male,1,No,No,36,Yes,Fiber optic,One year,Mailed check,86.73,3028.35,Yes
78a0a8fd,Male,1,No,No,48,No,Fiber optic,Month-to-month,Bank transfer,26.36,1194.18,Yes
b96f784f,Female,1,Yes,Yes,41,No,Fiber optic,One year,Bank transfer,113.04,4611.82,No
ff52a921,Female,0,Yes,No,37,No,Fiber optic,Month-to-month,Credit card,90.82,3426.43,Yes
d2f7c41c,Female,1,No,No,50,Yes,DSL,Month-to-month,Electronic check,73.38,3635.76,No
abcdb40a,Female,1,Yes,Yes,30,Yes,Fiber optic,Two year,Mailed check,93.97,2859.53,No
af2606a5,Male,0,No,No,15,No,Fiber optic,Two year,Electronic check,50.12,825.54,Yes
075b0d45,Female,1,No,Yes,71,No,No,Two year,Electronic check,118.4,8444.31,No
1e23b72e,Male,0,Yes,No,15,No,DSL,Two year,Credit card,106.4,1554.26,Yes
e2aa6aa8,Male,1,Yes,No,72,No,DSL,Month-to-month,Mailed check,88.06,6429.69,Yes
79706c73,Female,0,Yes,Yes,9,No,No,One year,Credit card,91.78,804.96,Yes
cbb54136,Female,0,No,Yes,26,No,DSL,Month-to-month,Electronic check,20.43,444.65,No
170b25d2,Female,1,Yes,Yes,33,No,DSL,Month-to-month,Mailed check,97.32,3285.5,No
e03ab1ff,Female,0,No,No,64,Yes,DSL,Two year,Credit card,92.38,5939.95,No
dd56a15c,Male,0,No,No,4,Yes,Fiber optic,One year,Electronic check,76.23,279.01,No
f62a6c58,Male,1,No,No,28,Yes,DSL,Month-to-month,Electronic check,57.42,1672.73,Yes
caee8a61,Male,1,Yes,No,70,Yes,No,Two year,Electronic check,107.78,7487.95,Yes
5a09a2c5,Female,0,Yes,Yes,35,No,No,One year,Bank transfer,44.2,1516.71,No
46e48282,Male,0,Yes,No,66,No,Fiber optic,One year,Bank transfer,84.57,5577.08,Yes
0ffb8de7,Male,0,Yes,No,49,Yes,No,One year,Bank transfer,48.18,2282.82,Yes
e5eb1f59,Female,1,Yes,Yes,52,No,No,Two year,Mailed check,109.75,5712.42,No
5f4f442a,Female,0,No,No,67,No,Fiber optic,Two year,Electronic check,112.78,7541.12,No
6546e6d5,Male,0,No,Yes,67,No,DSL,One year,Credit card,40.2,2633.24,No
4b22dc53,Male,1,No,Yes,25,No,No,Month-to-month,Bank transfer,45.56,1167.72,Yes
32a08a1d,Female,1,Yes,Yes,31,No,No,Two year,Mailed check,118.74,3696.64,Yes
ccf2fc39,Female,1,Yes,Yes,62,Yes,Fiber optic,Two year,Bank transfer,53.52,3226.9,No
b890f035,Female,0,No,Yes,1,No,DSL,Month-to-month,Credit card,35.16,38.25,Yes
2215fe37,Female,0,No,No,41,Yes,No,Two year,Electronic check,26.96,1079.56,No
814c12c9,Male,0,No,Yes,31,Yes,DSL,Month-to-month,Credit card,20.44,642.51,No
92b1d901,Male,1,No,No,62,Yes,DSL,Two year,Electronic check,99.34,6152.91,Yes
445f4ebd,Male,0,No,Yes,1,Yes,DSL,One year,Mailed check,98.02,10.32,Yes
7a116768,Female,1,No,Yes,38,No,DSL,Two year,Bank transfer,87.51,3323.15,No
6bc1c309,Female,1,No,No,16,No,DSL,One year,Credit card,87.79,1421.15,No
0755a155,Female,0,Yes,Yes,59,No,No,Two year,Credit card,60.67,3487.67,Yes
0227487d,Female,1,Yes,Yes,20,Yes,DSL,One year,Credit card,36.15,787.82,Yes
fd90d95a,Female,1,No,Yes,12,No,No,Month-to-month,Electronic check,77.95,987.45,Yes
230404ea,Female,0,Yes,Yes,7,Yes,No,Two year,Electronic check,96.23,640.52,No
83f8b3e6,Male,0,No,No,9,Yes,Fiber optic,Month-to-month,Electronic check,59.7,603.06,Yes
91f7d97c,Male,0,No,No,34,Yes,Fiber optic,Two year,Mailed check,104.47,3633.93,Yes
6f82f1a0,Female,1,No,No,24,Yes,No,One year,Electronic check,30.78,752.81,No
a0cf3697,Male,1,Yes,No,20,No,No,One year,Mailed check,22.29,387.33,No
51e1b950,Male,0,Yes,Yes,69,Yes,DSL,Two year,Credit card,53.31,3750.05,No
f95713c3,Male,0,No,No,70,Yes,No,One year,Credit card,59.11,4047.63,No
40414030,Female,0,No,Yes,19,No,DSL,Two year,Electronic check,69.55,1244.36,No
5654a5b9,Male,0,Yes,No,26,Yes,DSL,Month-to-month,Electronic check,101.18,2548.56,Yes
0a972835,Female,0,Yes,No,1,Yes,DSL,Two year,Mailed check,100.95,62.89,Yes
a075fb25,Male,1,Yes,No,7,No,No,One year,Mailed check,82.16,521.14,Yes
98e32d06,Female,0,Yes,No,22,No,DSL,Two year,Mailed check,73.38,1642.9,No
fcf86430,Male,0,Yes,No,59,Yes,DSL,One year,Bank transfer,109.41,6551.47,Yes
1479d699,Male,1,Yes,No,32,Yes,DSL,One year,Credit card,20.84,689.45,No
fec67fd6,Male,0,No,No,55,No,No,One year,Bank transfer,80.64,4430.07,No
1dcb12fc,Male,0,No,Yes,62,No,Fiber optic,One year,Credit card,89.01,5438.28,No
0e99189b,Male,1,No,No,70,Yes,DSL,One year,Electronic check,72.6,5114.96,No
3a823a48,Female,0,Yes,No,21,No,No,One year,Electronic check,38.41,793.06,No
1f9039a2,Male,1,No,Yes,22,Yes,No,Two year,Electronic check,38.73,935.42,No
a972601a,Female,1,No,No,42,Yes,DSL,One year,Credit card,54.14,2269.2,No
7c93d69d,Male,1,No,Yes,71,No,No,One year,Electronic check,103.86,7456.49,Yes
f113617e,Male,0,No,No,14,No,Fiber optic,One year,Mailed check,109.19,1584.8,No
3d10d4e8,Female,1,Yes,Yes,12,Yes,DSL,Two year,Bank transfer,73.44,869.56,Yes
44e3213f,Female,1,Yes,Yes,34,Yes,No,Month-to-month,Credit card,46.98,1638.12,Yes
af4ead1f,Male,1,No,Yes,19,No,No,Month-to-month,Mailed check,78.97,1404.03,No
468766b4,Male,0,Yes,Yes,36,No,Fiber optic,Month-to-month,Bank transfer,37.09,1386.09,No
80eea183,Female,0,Yes,Yes,27,Yes,Fiber optic,Month-to-month,Mailed check,102.08,2782.96,Yes
076c9393,Female,0,No,Yes,34,No,No,Two year,Credit card,98.55,3431.64,Yes
00265690,Female,1,No,No,37,No,Fiber optic,One year,Electronic check,119.41,4457.63,Yes
de9ded39,Female,1,Yes,No,7,No,DSL,One year,Bank transfer,92.04,652.83,Yes
2a96e50d,Male,1,No,Yes,9,No,No,Two year,Credit card,48.07,463.69,No
78749bbe,Female,0,Yes,No,72,No,No,One year,Credit card,94.14,6723.81,No
18f19995,Female,1,Yes,No,39,Yes,No,Month-to-month,Credit card,71.76,2746.71,Yes
d957fdfb,Female,1,No,Yes,21,No,No,Two year,Mailed check,97.31,2073.6,Yes
fa74d477,Female,0,No,No,4,Yes,DSL,One year,Bank transfer,96.32,443.37,No
3f125616,Female,0,Yes,No,2,Yes,No,Month-to-month,Mailed check,25.11,-10.37,Yes
ef5199cc,Male,0,Yes,No,41,Yes,No,One year,Electronic check,46.96,1983.05,No
c1f6f92f,Female,0,Yes,Yes,43,Yes,DSL,One year,Mailed check,75.91,3234.36,No
26402b2a,Male,1,Yes,No,40,No,DSL,Month-to-month,Credit card,40.97,1584.2,No
83227a33,Male,0,No,Yes,25,No,DSL,Month-to-month,Mailed check,27.87,741.06,No
2bb95821,Female,1,Yes,Yes,46,No,DSL,One year,Credit card,38.47,1761.76,No
2070af8d,Male,1,No,No,64,Yes,No,Two year,Bank transfer,42.34,2648.25,No
da26c41a,Female,1,Yes,No,11,Yes,Fiber optic,Month-to-month,Bank transfer,78.46,827.9,Yes
5c46bedf,Female,0,No,Yes,54,Yes,Fiber optic,Month-to-month,Credit card,33.57,1750.08,Yes
c879589e,Male,1,Yes,No,12,Yes,Fiber optic,One year,Mailed check,86.78,1107.45,Yes
b08a47a0,Male,0,No,Yes,66,Yes,Fiber optic,Two year,Credit card,45.75,2943.21,Yes
8fa22754,Female,0,Yes,No,56,No,No,Month-to-month,Bank transfer,44.05,2524.82,Yes
5193f9fd,Female,0,No,Yes,5,Yes,No,Two year,Mailed check,91.23,500.37,No
7b24a0b3,Male,1,No,Yes,23,Yes,No,Month-to-month,Electronic check,115.23,2593.35,Yes
f71013bb,Male,0,Yes,Yes,19,Yes,Fiber optic,One year,Bank transfer,56.93,1144.85,No
9b07adaf,Male,1,Yes,No,32,No,Fiber optic,One year,Credit card,45.54,1451.56,Yes
4afb723c,Female,1,Yes,Yes,4,Yes,DSL,Month-to-month,Mailed check,94.85,405.14,Yes
0454b3da,Male,1,Yes,No,21,Yes,DSL,One year,Electronic check,86.45,1832.5,Yes
926bc5d9,Female,0,Yes,Yes,50,Yes,Fiber optic,Month-to-month,Mailed check,110.32,5607.99,Yes
e65c5263,Male,0,No,No,65,Yes,DSL,Month-to-month,Electronic check,68.92,4543.82,Yes
b407b0ce,Female,1,No,No,59,Yes,Fiber optic,Month-to-month,Mailed check,63.51,3743.9,Yes
ea709e7c,Male,0,Yes,Yes,48,No,Fiber optic,One year,Electronic check,106.34,5015.62,No
301d9b5a,Male,1,Yes,No,67,No,DSL,Two year,Mailed check,44.4,2973.67,No
8aa42068,Male,0,No,No,58,No,DSL,Two year,Bank transfer,96.12,5484.41,No
efa4215c,Male,0,Yes,Yes,45,Yes,No,Two year,Mailed check,49.76,2152.96,No
2029ef4f,Female,0,No,Yes,71,Yes,DSL,Month-to-month,Bank transfer,86.5,6130.78,Yes
62cb0dec,Male,1,Yes,Yes,70,Yes,DSL,Month-to-month,Mailed check,51.05,3503.28,No
08df9008,Male,1,Yes,No,50,Yes,Fiber optic,Two year,Mailed check,72.3,3659.73,No
6d9067af,Male,1,Yes,Yes,49,Yes,No,Two year,Bank transfer,80.02,3914.15,No
ecdc4ed2,Female,1,Yes,No,46,Yes,DSL,Two year,Electronic check,32.94,1466.64,No
f9e00449,Female,0,Yes,No,35,Yes,No,Month-to-month,Bank transfer,76.06,2736.37,Yes
3c9f531f,Female,1,No,No,15,Yes,No,Month-to-month,Bank transfer,108.22,1640.13,Yes
30bd641d,Male,1,Yes,No,51,No,No,Month-to-month,Mailed check,54.41,2752.81,Yes
a730abf8,Female,1,No,Yes,15,Yes,Fiber optic,Two year,Mailed check,88.81,1367.3,Yes
6ec4901d,Female,0,Yes,No,52,Yes,No,One year,Mailed check,96.49,4993.82,No
c68f556b,Male,0,Yes,No,26,No,No,One year,Bank transfer,74.45,2006.11,Yes
f68566ab,Male,1,Yes,No,9,Yes,DSL,One year,Credit card,50.19,509.2,Yes
08ede904,Male,0,No,Yes,10,No,No,Month-to-month,Bank transfer,100.55,988.72,Yes
2c1f25b5,Female,0,No,No,66,Yes,No,Two year,Credit card,42.68,2837.07,No
db30e1b3,Male,0,Yes,Yes,33,No,Fiber optic,Two year,Credit card,58.83,1916.81,Yes
72c2aed5,Male,0,No,Yes,70,Yes,DSL,Two year,Credit card,41.99,2975.88,No
4613de0c,Male,0,No,Yes,15,No,Fiber optic,Month-to-month,Bank transfer,86.13,1225.48,Yes
ba873a73,Male,0,Yes,Yes,19,Yes,DSL,One year,Mailed check,77.9,1396.49,No
c94f160e,Female,1,No,No,69,No,No,One year,Electronic check,31.42,2207.28,No
5465b9a7,Female,1,No,No,58,No,DSL,Month-to-month,Electronic check,82.43,4692.32,Yes
ddf8be82,Female,0,Yes,No,46,No,No,Two year,Electronic check,71.68,3216.26,No
01585bee,Female,1,Yes,No,32,Yes,DSL,Month-to-month,Credit card,29.47,924.63,No
b75da8b1,Male,0,Yes,No,54,Yes,Fiber optic,Month-to-month,Electronic check,79.67,4323.94,Yes
61dafef8,Female,1,Yes,Yes,7,Yes,Fiber optic,Month-to-month,Electronic check,31.38,161.1,No
584bcb68,Female,0,No,Yes,50,Yes,Fiber optic,Month-to-month,Electronic check,42.18,2205.73,Yes
5eb16ba9,Female,1,No,Yes,40,No,Fiber optic,Month-to-month,Mailed check,88.92,3623.76,Yes
16b373dd,Female,0,Yes,Yes,54,Yes,No,Month-to-month,Electronic check,110.38,6024.59,Yes
ed36c14d,Male,0,No,Yes,42,No,Fiber optic,Month-to-month,Bank transfer,97.72,4182.64,No
bbcf6bbd,Male,0,Yes,No,64,Yes,No,Month-to-month,Mailed check,106.76,6912.25,Yes
64e55bf3,Female,1,No,Yes,34,Yes,No,Month-to-month,Bank transfer,55.8,1816.73,Yes
b467ceac,Male,1,No,No,32,No,No,One year,Credit card,20.87,722.2,No
dd0bdcbe,Male,0,No,Yes,69,No,DSL,Two year,Mailed check,66.48,4613.05,No
c65dd469,Female,0,Yes,No,52,Yes,DSL,Month-to-month,Credit card,70.82,3595.95,No
fa74263a,Male,1,Yes,No,16,Yes,DSL,One year,Mailed check,67.88,1031.35,Yes
f26ef5bc,Male,0,No,No,68,No,DSL,Month-to-month,Credit card,107.96,7409.18,Yes
b4011d0f,Female,1,Yes,Yes,2,Yes,Fiber optic,Two year,Bank transfer,29.41,67.68,Yes
565b61cd,Male,1,Yes,No,36,Yes,DSL,One year,Bank transfer,44.47,1668.28,No
d12470fa,Female,0,Yes,Yes,44,Yes,No,Two year,Bank transfer,61.65,2667.39,No
cc57b2e9,Male,1,Yes,No,60,Yes,DSL,Two year,Bank transfer,23.89,1395.61,No
03ae31a8,Male,0,Yes,Yes,10,Yes,Fiber optic,One year,Bank transfer,22.72,167.13,No
911d1b6d,Female,0,Yes,Yes,62,No,No,Two year,Credit card,58.22,3585.96,No
4a9e1ca9,Male,0,No,Yes,12,No,No,Month-to-month,Mailed check,76.87,841.01,No
5acf8ad9,Male,1,No,Yes,20,Yes,DSL,Two year,Mailed check,49.41,963.91,No
3fb6236c,Female,1,Yes,No,33,No,No,Two year,Credit card,40.87,1322.9,No
b1166f7a,Female,0,Yes,No,37,No,DSL,Two year,Credit card,37.57,1339.91,No
4675b2a0,Female,1,Yes,Yes,27,No,Fiber optic,Two year,Mailed check,54.0,1524.57,No
97d8d1de,Female,1,No,Yes,55,Yes,DSL,Two year,Credit card,48.34,2600.61,No
c9eea5a1,Female,0,Yes,No,1,No,Fiber optic,Two year,Bank transfer,23.76,42.14,No
139ce891,Female,1,Yes,No,52,Yes,Fiber optic,One year,Credit card,86.7,4511.67,No
f2f48f0b,Male,0,No,No,56,Yes,No,One year,Credit card,78.42,4308.52,Yes
6758ed15,Male,0,No,Yes,44,Yes,Fiber optic,One year,Bank transfer,59.22,2671.53,No
ee9f3663,Male,0,No,No,50,No,No,Two year,Mailed check,69.14,3415.51,No
a7b2675e,Female,1,Yes,No,3,No,Fiber optic,One year,Electronic check,108.29,423.31,No
5fb16094,Male,1,No,No,40,Yes,Fiber optic,Two year,Mailed check,24.56,1047.36,Yes
6cbb8fc0,Female,1,No,Yes,39,No,DSL,One year,Mailed check,115.9,4589.0,No
add98621,Female,1,Yes,No,39,Yes,Fiber optic,Two year,Mailed check,71.42,2843.3,No
4a77e5ca,Male,0,No,No,42,No,DSL,Two year,Electronic check,71.21,2934.97,No
c6fee34c,Female,1,No,No,11,No,DSL,Month-to-month,Bank transfer,116.68,1305.56,Yes
6b0f3686,Female,0,Yes,No,61,No,Fiber optic,One year,Mailed check,24.88,1460.93,No
0cbcedde,Male,0,Yes,Yes,37,Yes,No,One year,Credit card,41.13,1540.84,No
3efb25ba,Male,1,No,No,48,No,No,One year,Electronic check,63.97,3054.9,No
35ca06e6,Female,0,No,No,46,Yes,No,Month-to-month,Credit card,66.1,3117.83,Yes
8c7fb8c5,Female,1,No,No,66,Yes,Fiber optic,Two year,Credit card,81.43,5456.28,No
473f022f,Female,0,No,Yes,37,Yes,No,Month-to-month,Bank transfer,103.93,3887.98,Yes
5c59e67b,Male,1,No,No,61,No,Fiber optic,One year,Electronic check,58.93,3578.71,No
1ad29604,Female,0,Yes,Yes,46,Yes,DSL,One year,Bank transfer,28.05,1309.65,Yes
9c525bf4,Female,0,No,No,8,Yes,No,Month-to-month,Bank transfer,98.88,819.71,Yes
857c3a26,Female,1,Yes,Yes,31,Yes,DSL,One year,Bank transfer,94.49,2973.66,No
5617754b,Male,0,Yes,Yes,53,Yes,No,Two year,Electronic check,62.98,3244.32,No
9edc3b58,Female,0,No,Yes,32,Yes,Fiber optic,Two year,Credit card,101.49,3264.66,Yes
cca4a502,Male,1,No,No,71,No,DSL,Two year,Credit card,30.18,2220.13,No
c9593353,Female,1,No,No,58,No,No,Two year,Credit card,62.51,3544.18,No
799fa0ab,Female,0,No,Yes,50,Yes,DSL,Two year,Bank transfer,74.76,3667.45,No
05d172b0,Male,0,No,No,36,No,DSL,Two year,Electronic check,91.83,3346.16,No
f6ffb3cd,Male,0,No,Yes,3,No,DSL,Two year,Credit card,51.55,222.29,No
7e31c657,Female,1,Yes,Yes,9,Yes,Fiber optic,One year,Electronic check,41.63,292.32,Yes
7c2c3c84,Female,1,Yes,Yes,33,Yes,DSL,One year,Bank transfer,65.38,2205.67,No
04a4307e,Female,0,Yes,No,42,Yes,No,Month-to-month,Mailed check,80.57,3340.35,No
e6395e72,Male,1,Yes,Yes,69,Yes,Fiber optic,One year,Bank transfer,111.58,7735.41,No
db40ba24,Female,1,No,Yes,47,No,DSL,Month-to-month,Bank transfer,27.64,1333.94,Yes
1a362a50,Female,0,No,Yes,27,No,Fiber optic,Two year,Mailed check,115.09,3194.56,No
f7766a07,Male,1,No,No,10,No,Fiber optic,Two year,Bank transfer,111.67,1210.93,No
a3b6d692,Male,1,Yes,Yes,23,Yes,No,Month-to-month,Mailed check,41.51,895.84,Yes
4f2442a9,Male,0,No,Yes,69,Yes,DSL,One year,Bank transfer,26.5,1780.14,No
a61b3184,Female,0,Yes,No,48,Yes,DSL,Month-to-month,Electronic check,77.42,3765.07,Yes
df9870ad,Female,0,No,No,38,Yes,Fiber optic,Two year,Electronic check,29.07,1022.09,Yes
b4815811,Female,1,No,Yes,7,Yes,DSL,Month-to-month,Electronic check,115.23,770.76,Yes
bd1faccc,Female,1,No,Yes,7,No,Fiber optic,One year,Bank transfer,81.66,649.22,Yes
05198fb8,Female,0,No,Yes,42,Yes,No,Two year,Mailed check,118.8,4950.32,Yes
87750927,Male,0,No,No,54,Yes,No,Two year,Electronic check,50.68,2653.13,No
d2f49d7c,Male,0,Yes,No,3,Yes,No,Two year,Mailed check,25.89,128.42,No
ca462515,Female,1,Yes,No,54,No,No,Month-to-month,Electronic check,102.42,5615.69,Yes
74e56f31,Male,0,Yes,No,19,No,Fiber optic,One year,Electronic check,23.05,376.66,Yes
e5277210,Male,0,No,No,17,No,DSL,One year,Mailed check,96.01,1642.42,Yes
c298832a,Female,0,Yes,No,64,No,No,Month-to-month,Credit card,93.5,5934.82,Yes
2937c860,Female,0,Yes,No,24,Yes,No,One year,Electronic check,110.1,2704.68,No
68a06c95,Female,1,No,No,37,No,Fiber optic,Month-to-month,Electronic check,75.24,2718.58,No
f78c55bf,Female,1,No,No,52,No,DSL,One year,Electronic check,89.26,4662.92,No
bec5d5e4,Male,1,No,No,27,No,No,One year,Bank transfer,23.53,715.43,No
2ebc46b3,Male,0,No,Yes,45,Yes,No,Two year,Mailed check,62.56,2911.71,No
68cda422,Female,0,No,No,3,Yes,DSL,Two year,Credit card,108.47,423.87,No
bf235bab,Male,1,No,No,2,Yes,DSL,One year,Bank transfer,41.43,-13.8,No
2a1f4fb0,Male,0,Yes,No,16,Yes,DSL,Two year,Bank transfer,45.96,797.14,No
35e2b7b1,Female,0,No,Yes,53,No,Fiber optic,Two year,Mailed check,67.42,3601.18,No
a4dac4ee,Male,1,Yes,No,66,Yes,No,Two year,Credit card,95.91,6310.86,No
ed72f575,Female,0,Yes,Yes,21,No,DSL,Two year,Electronic check,72.55,1456.5,Yes
0195b0c1,Female,1,Yes,No,66,No,Fiber optic,Two year,Credit card,71.42,4699.14,No
5ee94554,Female,1,No,Yes,42,Yes,No,One year,Bank transfer,100.17,4150.9,No
1d987219,Male,1,No,No,30,No,Fiber optic,One year,Bank transfer,55.74,1612.33,No
f370f38c,Male,1,No,No,36,No,No,Two year,Bank transfer,28.7,1070.37,No
e6b41091,Male,1,No,No,16,No,No,Two year,Credit card,103.9,1692.78,Yes
7d84ef3b,Female,0,No,Yes,41,Yes,Fiber optic,Two year,Bank transfer,27.19,1086.43,No
3d24ee36,Female,0,Yes,Yes,7,Yes,No,Two year,Mailed check,76.57,477.3,No
83ca9fd5,Female,0,Yes,No,42,Yes,DSL,Month-to-month,Bank transfer,77.56,3287.96,Yes
622ad894,Male,1,Yes,Yes,62,No,No,Two year,Bank transfer,58.16,3616.58,No
d89319c9,Female,0,Yes,No,2,Yes,No,One year,Electronic check,99.36,138.03,No
e54ddd3f,Female,0,No,No,48,No,No,One year,Credit card,99.46,4779.48,No
91f4d6d1,Female,1,Yes,No,3,Yes,DSL,One year,Credit card,54.51,180.68,No
72bcdd19,Male,0,No,No,7,No,No,One year,Bank transfer,82.91,630.25,Yes
f05b928f,Male,1,Yes,Yes,20,No,DSL,Month-to-month,Electronic check,100.3,1978.89,No
56bd3643,Female,1,Yes,No,59,No,DSL,Month-to-month,Mailed check,54.02,3151.19,Yes
9522f4cf,Male,1,No,No,62,Yes,Fiber optic,Two year,Electronic check,84.13,5169.46,No
88ef2ba0,Female,0,No,Yes,13,No,Fiber optic,One year,Bank transfer,80.71,962.16,Yes
4b3fad6a,Female,0,No,No,22,No,Fiber optic,One year,Mailed check,53.91,1220.46,No
fd8793d0,Female,1,No,No,57,Yes,No,One year,Electronic check,63.44,3591.93,Yes
2c9ef9db,Female,0,Yes,Yes,40,Yes,Fiber optic,Two year,Credit card,42.27,1743.97,No
89c06242,Male,0,No,Yes,35,No,Fiber optic,Month-to-month,Credit card,96.77,3458.67,Yes
4c267cae,Female,0,No,No,60,Yes,DSL,Two year,Electronic check,66.66,4098.42,No
cffa8339,Female,1,No,No,37,No,DSL,Two year,Bank transfer,81.46,2966.59,Yes
faa1d87a,Female,1,No,No,52,Yes,No,One year,Credit card,45.46,2308.57,Yes
c836eea0,Female,1,No,No,41,No,Fiber optic,Two year,Bank transfer,35.16,1513.7,No
5d9dcc31,Female,0,Yes,Yes,47,No,Fiber optic,One year,Electronic check,112.8,5221.14,No
84c33a06,Male,1,No,Yes,22,No,No,Two year,Bank transfer,43.83,1012.59,Yes
5bbb2304,Female,1,No,Yes,52,No,No,One year,Electronic check,100.69,5335.3,No
c1fc8b58,Female,0,No,No,16,Yes,Fiber optic,Two year,Electronic check,75.6,1252.33,No
ed9b71d1,Male,0,Yes,Yes,16,No,DSL,One year,Electronic check,66.15,996.59,No
abf41f82,Male,1,No,No,5,Yes,Fiber optic,Two year,Electronic check,114.01,562.05,Yes
d91bb158,Male,1,No,Yes,51,No,Fiber optic,Two year,Mailed check,110.39,5561.11,Yes
97d3539a,Female,0,Yes,Yes,63,Yes,Fiber optic,Two year,Credit card,119.99,7532.97,No
9dcb937d,Male,0,No,Yes,35,Yes,Fiber optic,Month-to-month,Electronic check,97.91,3520.26,Yes
1697e1cc,Male,0,No,No,60,No,No,One year,Bank transfer,111.08,6626.78,No
e2441e19,Male,0,Yes,No,57,Yes,Fiber optic,Two year,Electronic check,96.86,5597.91,No
9e6cbfb8,Male,1,No,Yes,47,No,No,One year,Mailed check,97.42,4566.13,No
7ba42429,Female,0,No,Yes,31,Yes,Fiber optic,Two year,Electronic check,109.69,3394.57,No
1ad738bc,Male,0,No,Yes,17,Yes,DSL,Month-to-month,Bank transfer,87.22,1574.12,Yes
bc566b56,Female,1,No,No,63,No,Fiber optic,Month-to-month,Bank transfer,98.97,6244.42,No
d5df8d26,Male,1,Yes,Yes,49,No,Fiber optic,Month-to-month,Bank transfer,111.47,5502.04,Yes
838d4bc5,Male,1,Yes,Yes,11,No,No,Month-to-month,Electronic check,41.38,539.45,Yes
5769eb38,Male,0,Yes,Yes,55,Yes,Fiber optic,Two year,Credit card,71.3,3977.56,Yes
40ac94f4,Male,0,Yes,No,34,Yes,Fiber optic,Month-to-month,Bank transfer,86.19,2879.23,No
f1cdbe81,Female,1,No,Yes,70,Yes,DSL,Month-to-month,Credit card,40.71,2827.53,No
10eb928a,Female,1,Yes,No,54,No,No,Month-to-month,Mailed check,86.14,4648.19,Yes
cdcae2f1,Female,1,No,Yes,62,No,DSL,One year,Electronic check,88.9,5424.94,Yes
cb61fc27,Female,0,No,No,14,No,DSL,Month-to-month,Mailed check,70.1,1044.18,Yes
72b0f030,Male,0,Yes,No,55,No,DSL,Two year,Credit card,66.73,3591.99,No
91f30fa3,Female,0,Yes,No,5,Yes,No,One year,Electronic check,116.53,626.51,Yes
c6311b49,Male,0,No,No,16,Yes,No,One year,Electronic check,75.23,1251.16,No
3c46cc44,Female,0,Yes,No,60,Yes,DSL,One year,Electronic check,47.73,2787.37,No
92d6b637,Female,1,Yes,Yes,52,Yes,Fiber optic,Month-to-month,Electronic check,99.59,5106.8,Yes
9808a318,Male,0,Yes,No,26,No,No,Month-to-month,Bank transfer,97.27,2502.63,Yes
29f380e6,Female,1,Yes,No,58,Yes,Fiber optic,Month-to-month,Bank transfer,43.93,2608.63,No
bdaf5a5d,Male,0,Yes,Yes,4,No,DSL,One year,Electronic check,107.61,477.32,No
9fdad04c,Female,0,Yes,No,48,No,Fiber optic,Two year,Electronic check,71.32,3450.32,No
0097c5e2,Male,1,No,Yes,11,Yes,DSL,Month-to-month,Bank transfer,105.7,1202.55,Yes
9ad4eae7,Male,1,No,Yes,33,Yes,Fiber optic,Month-to-month,Electronic check,111.01,3703.06,Yes
50288852,Female,1,Yes,Yes,58,No,Fiber optic,Two year,Credit card,58.52,3345.93,No
409860f9,Female,0,Yes,Yes,36,Yes,No,Two year,Credit card,42.44,1492.76,No
86d53e9b,Female,1,No,No,29,Yes,No,One year,Credit card,37.7,1109.33,No
12facd5d,Male,1,Yes,Yes,1,No,DSL,Two year,Bank transfer,50.22,6.4,No
5ab2cd10,Female,0,No,No,50,No,DSL,One year,Credit card,21.95,1065.68,No
60a2a1f0,Female,1,No,No,16,No,Fiber optic,Two year,Credit card,30.52,398.56,No
6d10c0cd,Male,1,No,No,44,No,DSL,One year,Mailed check,66.13,2912.07,No
9a75dc8b,Female,1,No,Yes,4,No,No,Two year,Bank transfer,95.82,399.27,Yes
126171a5,Male,0,No,No,49,Yes,No,Month-to-month,Credit card,92.36,4571.42,Yes
262f274d,Male,1,No,Yes,57,No,No,One year,Bank transfer,108.32,6252.31,Yes
f230772b,Female,0,Yes,No,29,Yes,Fiber optic,Two year,Electronic check,69.7,2039.15,Yes
c4e544e0,Male,1,No,Yes,17,Yes,No,Month-to-month,Electronic check,75.39,1265.52,Yes
70153f9b,Male,0,No,No,30,No,DSL,Month-to-month,Mailed check,39.26,1266.13,No
8de2a52d,Male,0,No,No,3,Yes,Fiber optic,Month-to-month,Bank transfer,98.75,359.13,Yes
54934721,Female,1,Yes,No,25,Yes,Fiber optic,One year,Mailed check,54.1,1360.04,Yes
011f7591,Female,1,Yes,Yes,5,Yes,Fiber optic,One year,Bank transfer,98.55,565.05,Yes
22901f02,Male,0,No,Yes,67,No,Fiber optic,One year,Bank transfer,98.33,6539.3,No
59f89f81,Female,0,No,No,53,Yes,Fiber optic,Month-to-month,Bank transfer,96.01,5049.07,Yes
3b47e515,Female,0,Yes,Yes,24,No,DSL,Month-to-month,Electronic check,24.2,625.22,No
3180f502,Female,1,Yes,No,72,Yes,No,Month-to-month,Mailed check,60.13,4312.3,No
ba6c2ca2,Male,1,No,No,10,No,No,One year,Bank transfer,45.16,383.1,Yes
d62969a6,Female,1,Yes,Yes,39,Yes,DSL,Month-to-month,Electronic check,31.49,1129.78,Yes
a3020ef4,Male,0,Yes,No,68,No,DSL,Month-to-month,Electronic check,68.77,4644.06,No
3e9bb4ca,Male,0,Yes,No,39,No,Fiber optic,One year,Credit card,56.66,2164.06,No
4bc3bd79,Female,0,No,No,54,No,No,Two year,Electronic check,33.16,1783.93,No
2a6e80d0,Female,1,No,Yes,22,Yes,Fiber optic,Two year,Electronic check,102.52,2201.4,No
3774a97c,Male,0,No,Yes,2,Yes,DSL,One year,Mailed check,77.29,129.07,Yes
455a0d7c,Female,1,No,Yes,34,No,DSL,Month-to-month,Mailed check,53.56,1916.6,Yes
0af34888,Female,1,Yes,Yes,1,Yes,No,Month-to-month,Credit card,29.57,-61.57,Yes
1843743b,Male,1,Yes,No,45,Yes,No,Month-to-month,Mailed check,27.36,1157.34,Yes
16e27f42,Male,0,No,No,35,No,No,One year,Bank transfer,77.53,2783.75,No
b17c1a4b,Male,0,Yes,No,16,No,No,Two year,Credit card,27.73,512.14,No
8a0a21ac,Female,1,Yes,No,59,Yes,DSL,One year,Bank transfer,50.27,3037.77,No
8458cb9c,Female,0,No,Yes,45,No,DSL,Two year,Electronic check,80.13,3609.28,Yes
4fa1727b,Female,1,No,No,60,No,Fiber optic,One year,Mailed check,68.0,4156.37,Yes
b0ffcdc0,Female,1,Yes,Yes,22,Yes,Fiber optic,One year,Electronic check,80.36,1841.32,No
c5774fbc,Female,1,No,Yes,7,Yes,No,Two year,Electronic check,96.29,619.31,Yes
28366406,Female,1,Yes,No,7,Yes,Fiber optic,Month-to-month,Bank transfer,76.76,439.22,Yes
f690492d,Male,1,Yes,Yes,52,No,DSL,Two year,Mailed check,58.19,3081.72,No
7c43f2b5,Male,0,No,Yes,30,Yes,Fiber optic,Two year,Electronic check,25.31,811.39,No
6655deb3,Female,0,No,Yes,15,Yes,Fiber optic,Month-to-month,Bank transfer,95.21,1365.02,Yes
9d27d89c,Female,1,No,No,9,Yes,DSL,Two year,Mailed check,72.17,574.7,No
81c9babb,Female,1,No,Yes,21,No,Fiber optic,Two year,Credit card,77.52,1655.39,No
58c5a67b,Female,0,Yes,No,32,No,DSL,Month-to-month,Credit card,106.3,3305.58,No
5c5e1f85,Male,0,No,No,2,No,No,Two year,Electronic check,24.27,-10.9,No
c70781c8,Male,1,No,No,53,No,Fiber optic,One year,Mailed check,26.76,1486.42,No
15444d3e,Male,1,Yes,No,7,No,DSL,Two year,Electronic check,91.44,596.91,No
4f737e87,Female,1,Yes,No,47,No,DSL,Two year,Mailed check,101.14,4707.11,No
eff63c64,Male,0,No,No,28,Yes,No,Month-to-month,Bank transfer,93.93,2664.41,Yes
a906a48f,Male,0,No,No,32,Yes,DSL,Month-to-month,Mailed check,102.72,3352.24,No
cc59a23b,Female,0,No,Yes,27,No,Fiber optic,One year,Electronic check,25.05,773.5,Yes
f65780a9,Male,1,No,Yes,25,Yes,DSL,Month-to-month,Mailed check,91.46,2278.23,Yes
c917c7e6,Female,1,No,Yes,32,No,Fiber optic,Month-to-month,Electronic check,102.15,3234.13,No
3ac2c915,Male,1,Yes,Yes,7,No,No,Two year,Bank transfer,47.34,261.84,Yes
2ba9854a,Male,1,Yes,Yes,48,No,No,Month-to-month,Electronic check,105.59,4994.64,No
deafa2cc,Male,1,No,Yes,3,No,No,Two year,Bank transfer,54.93,213.37,No
f2ad72b6,Male,1,Yes,No,64,No,DSL,One year,Credit card,105.83,6735.93,No
09d4104b,Male,0,No,No,32,Yes,No,Month-to-month,Credit card,21.74,752.45,No
defb6110,Female,0,Yes,Yes,41,No,Fiber optic,Month-to-month,Credit card,33.14,1433.54,Yes
7ffd6b64,Male,1,No,Yes,72,Yes,No,One year,Credit card,85.95,6188.59,No
13f44a5d,Female,0,No,Yes,55,Yes,No,Month-to-month,Electronic check,22.4,1318.65,Yes
1aca4960,Female,0,Yes,No,28,Yes,No,Two year,Electronic check,79.99,2236.84,Yes
2bde802e,Female,0,No,Yes,72,No,Fiber optic,Two year,Bank transfer,72.3,5187.13,No
a5361458,Male,1,Yes,No,5,Yes,No,One year,Mailed check,86.08,406.76,Yes
69f1c3cc,Male,1,No,Yes,63,No,No,Two year,Electronic check,35.66,2146.94,No
65fa4f74,Female,0,No,No,54,Yes,No,Month-to-month,Electronic check,48.27,2599.8,Yes
e27c4515,Female,1,No,No,33,No,DSL,Two year,Credit card,54.67,1760.92,No
a28efe2c,Female,1,No,Yes,5,Yes,No,Two year,Credit card,114.38,547.68,Yes
e42988e1,Female,1,Yes,Yes,55,Yes,No,One year,Bank transfer,50.43,2759.87,No
9c8194f4,Female,0,No,No,57,Yes,No,Month-to-month,Electronic check,40.95,2420.55,Yes
46a0a82a,Female,0,No,Yes,31,Yes,DSL,One year,Electronic check,97.05,3049.25,Yes
67ed4362,Male,0,No,Yes,54,Yes,No,One year,Mailed check,30.77,1618.21,No
c94aabd7,Male,1,Yes,Yes,48,No,DSL,One year,Electronic check,115.53,5503.45,Yes
dfb26bc7,Female,1,Yes,Yes,52,Yes,Fiber optic,Two year,Mailed check,83.11,4269.1,Yes
46dba614,Female,0,Yes,No,37,Yes,DSL,Two year,Electronic check,44.87,1604.14,No
35924991,Female,0,No,No,40,No,Fiber optic,Month-to-month,Bank transfer,81.85,3219.21,Yes
d97549e5,Female,0,Yes,Yes,50,No,DSL,Two year,Bank transfer,35.26,1786.84,No
e76967c5,Male,0,Yes,Yes,20,No,DSL,One year,Electronic check,65.23,1270.06,Yes
76108678,Female,1,Yes,No,5,Yes,DSL,One year,Mailed check,57.23,334.86,Yes
f68014cb,Female,0,Yes,Yes,67,Yes,DSL,Two year,Bank transfer,105.08,6973.56,No
5ec67932,Male,1,No,Yes,28,No,Fiber optic,Two year,Bank transfer,77.91,2179.04,No
ab251fe1,Male,1,Yes,Yes,11,No,Fiber optic,Two year,Bank transfer,52.64,573.77,Yes
e916ff79,Male,0,No,Yes,72,No,DSL,One year,Electronic check,34.92,2521.58,No
765b0076,Female,0,Yes,No,47,Yes,No,Month-to-month,Electronic check,24.16,1224.12,Yes
cf15e81c,Male,1,Yes,Yes,32,Yes,DSL,One year,Electronic check,86.95,2764.15,No
cf8f3105,Female,1,Yes,No,41,Yes,No,Two year,Mailed check,104.7,4268.37,No
9b79ed5d,Male,0,No,Yes,6,No,DSL,Month-to-month,Electronic check,42.04,167.94,Yes
ab5d80d4,Male,1,No,No,11,No,No,One year,Electronic check,89.74,933.43,No
7dfbe641,Female,0,No,Yes,5,No,No,Two year,Bank transfer,70.23,333.96,No
69da741e,Female,1,No,No,65,No,DSL,Month-to-month,Electronic check,65.88,4224.74,No
29ff03c2,Female,1,No,Yes,61,Yes,Fiber optic,One year,Credit card,32.51,2036.02,No
f40dbfe9,Male,0,Yes,Yes,28,Yes,Fiber optic,One year,Credit card,105.79,3049.59,No
a959e298,Male,1,Yes,No,51,Yes,DSL,One year,Mailed check,94.78,4933.56,No
17789e0a,Male,0,No,No,29,No,Fiber optic,One year,Mailed check,36.78,1118.44,No
94d8f540,Male,1,Yes,No,31,Yes,DSL,Month-to-month,Credit card,28.76,958.86,Yes
a9314b7d,Female,1,No,No,51,No,DSL,Month-to-month,Bank transfer,23.75,1297.45,Yes
d9e053a9,Male,0,No,Yes,67,Yes,DSL,Two year,Credit card,79.09,5300.78,No
c4577aa5,Male,1,No,No,7,No,DSL,One year,Electronic check,112.14,776.18,Yes
04cc97ff,Male,0,No,Yes,26,No,Fiber optic,Month-to-month,Electronic check,100.89,2686.31,No
8d6b4a42,Male,1,No,No,7,No,DSL,Month-to-month,Electronic check,119.27,790.5,Yes
8552a0bf,Female,1,No,Yes,58,Yes,No,Two year,Bank transfer,47.93,2726.41,No
ac936270,Male,1,Yes,No,14,Yes,No,Month-to-month,Mailed check,68.0,987.94,Yes
e27cceef,Female,0,No,Yes,50,Yes,No,Month-to-month,Credit card,82.65,4228.49,No
d0bdec1d,Male,1,Yes,No,59,No,Fiber optic,One year,Mailed check,41.65,2470.94,No
9ed9dd15,Male,1,No,Yes,43,Yes,DSL,Two year,Credit card,116.97,4978.43,No
015fb035,Female,1,Yes,No,36,No,No,One year,Credit card,77.65,2853.61,No
990bcb25,Male,0,No,Yes,72,No,Fiber optic,Month-to-month,Credit card,84.11,6051.46,Yes
1ae48a9d,Female,1,No,No,4,Yes,No,Two year,Mailed check,59.32,299.57,No
9635fbaa,Male,1,Yes,No,69,Yes,Fiber optic,Month-to-month,Bank transfer,89.4,6158.17,Yes
c238da52,Male,1,No,No,61,Yes,No,Two year,Credit card,89.56,5559.6,No
f24a3950,Male,0,Yes,Yes,8,Yes,Fiber optic,Month-to-month,Electronic check,52.93,447.67,Yes
da9f7ab1,Male,1,Yes,Yes,42,Yes,Fiber optic,Two year,Mailed check,62.41,2604.28,No
27c412d5,Female,1,Yes,No,1,No,DSL,Two year,Mailed check,24.69,72.66,No
c2862865,Female,1,No,Yes,17,No,DSL,Month-to-month,Bank transfer,39.66,760.65,Yes
d360dbac,Male,0,Yes,Yes,47,No,No,Month-to-month,Mailed check,116.94,5541.11,No
5ff0cde7,Male,1,Yes,Yes,28,Yes,Fiber optic,One year,Electronic check,95.07,2667.21,Yes
4db84f2e,Female,1,Yes,No,53,No,Fiber optic,Two year,Mailed check,46.18,2370.81,No
1043e3d4,Female,0,Yes,Yes,56,No,DSL,Month-to-month,Electronic check,47.39,2721.16,No
cf5b4bd7,Female,1,Yes,Yes,59,No,DSL,Two year,Credit card,111.15,6492.81,No
9a58adf6,Male,1,No,No,24,Yes,Fiber optic,One year,Bank transfer,110.7,2639.69,No
3790c7fe,Male,1,No,No,15,No,DSL,Month-to-month,Electronic check,27.44,468.23,Yes
5e64bd59,Male,1,No,No,11,Yes,No,One year,Electronic check,104.09,1108.44,No
2255d52c,Male,1,No,Yes,22,Yes,DSL,Two year,Electronic check,112.23,2484.49,No
fc6e5e61,Female,0,No,Yes,53,Yes,Fiber optic,One year,Electronic check,37.86,2051.48,Yes
fd484da7,Female,1,Yes,No,23,No,No,Two year,Credit card,82.25,1860.69,No
233286cc,Male,1,Yes,Yes,41,No,DSL,Two year,Bank transfer,96.36,3864.25,Yes
467107be,Female,1,No,No,28,No,DSL,One year,Mailed check,118.76,3417.92,Yes
f02e26f1,Male,0,Yes,No,14,No,Fiber optic,Two year,Mailed check,30.34,397.71,Yes
dccf1cef,Male,1,No,Yes,32,Yes,DSL,Two year,Mailed check,23.21,832.27,No
25355bf9,Female,0,Yes,No,15,No,No,Two year,Mailed check,23.93,353.29,Yes
778dd7f0,Female,0,Yes,No,38,Yes,Fiber optic,Month-to-month,Mailed check,74.48,2760.11,Yes
9d3b5154,Female,1,Yes,No,70,No,Fiber optic,Month-to-month,Mailed check,67.0,4755.92,Yes
1679de44,Male,0,Yes,No,9,Yes,Fiber optic,One year,Bank transfer,35.7,367.57,No
d9811962,Male,0,Yes,Yes,5,Yes,No,Two year,Bank transfer,71.33,380.34,Yes
d97f6ca9,Male,1,Yes,Yes,27,No,DSL,Month-to-month,Mailed check,61.83,1768.62,Yes
5c14007e,Female,0,Yes,Yes,19,Yes,Fiber optic,Month-to-month,Bank transfer,107.72,2074.63,Yes
adc272a7,Female,1,Yes,Yes,54,Yes,Fiber optic,One year,Credit card,90.95,4855.52,No
820bcd17,Female,1,No,No,1,Yes,DSL,One year,Electronic check,45.42,1.11,Yes
50450b0c,Male,0,No,No,4,No,Fiber optic,Two year,Electronic check,88.58,311.8,Yes
a1a584d8,Male,0,No,Yes,19,No,DSL,Two year,Electronic check,78.01,1464.76,No
941e523f,Male,0,Yes,No,3,Yes,No,One year,Credit card,85.42,349.12,No
72b6e30b,Male,0,No,No,43,No,DSL,Two year,Mailed check,57.25,2501.38,No
36880dac,Male,1,No,Yes,31,No,No,Month-to-month,Bank transfer,54.98,1658.58,No
4eec25df,Female,1,Yes,No,6,No,DSL,One year,Bank transfer,97.16,500.35,Yes
b70688a0,Male,1,Yes,Yes,70,No,DSL,Month-to-month,Electronic check,75.22,5200.83,Yes
7d206e87,Female,0,Yes,No,46,Yes,DSL,Two year,Credit card,100.23,4617.31,No
3bf8b344,Female,1,Yes,Yes,23,No,No,One year,Bank transfer,80.92,1939.73,No
cf500fdc,Female,0,Yes,Yes,46,No,Fiber optic,One year,Electronic check,76.35,3500.69,No
41837e28,Female,0,Yes,No,43,No,Fiber optic,One year,Bank transfer,66.77,2965.42,Yes
8f237c1f,Male,0,Yes,No,5,No,No,One year,Mailed check,99.8,420.81,Yes
7a6447c6,Male,0,Yes,No,8,No,Fiber optic,One year,Credit card,20.78,169.04,Yes
b86ac537,Female,0,No,Yes,50,Yes,DSL,Two year,Credit card,110.25,5560.59,No
7504fdb1,Female,0,Yes,No,28,Yes,No,Two year,Bank transfer,72.09,2015.67,No
29b01741,Female,0,No,No,60,No,No,Two year,Electronic check,59.59,3523.94,No
ed2431ef,Male,1,No,No,41,Yes,Fiber optic,Two year,Bank transfer,66.26,2796.79,Yes
52460439,Female,1,Yes,No,55,Yes,Fiber optic,One year,Mailed check,33.54,1872.75,No
cd1ea3c1,Female,0,No,No,34,No,DSL,Two year,Bank transfer,44.95,1544.25,No
6a7814e1,Female,0,Yes,No,65,Yes,Fiber optic,One year,Credit card,95.63,6300.34,Yes
d713fff8,Female,1,Yes,Yes,63,No,Fiber optic,Month-to-month,Electronic check,104.1,6596.98,Yes
780d0d13,Male,1,Yes,Yes,4,No,No,Two year,Mailed check,84.19,237.28,No
0c2a19fc,Female,0,Yes,Yes,37,Yes,No,One year,Bank transfer,21.37,871.53,No
25df5c7b,Male,0,No,No,12,Yes,Fiber optic,Two year,Bank transfer,96.5,1250.4,Yes
e39c3c49,Male,0,Yes,No,37,No,No,Two year,Electronic check,82.31,2976.65,Yes
f6fff7e4,Female,0,No,No,63,No,Fiber optic,Two year,Electronic check,27.48,1716.02,No
2bef6c77,Male,1,No,No,6,No,Fiber optic,Month-to-month,Electronic check,111.32,597.68,Yes
0e75bbfe,Male,0,Yes,Yes,47,No,DSL,One year,Mailed check,76.36,3648.78,No
1279d921,Male,0,Yes,Yes,2,Yes,No,One year,Credit card,104.27,173.53,No
9c22a80a,Female,0,No,No,47,No,No,Two year,Bank transfer,58.62,2711.8,No
a96e1a0d,Female,1,No,No,44,Yes,DSL,One year,Bank transfer,78.06,3344.85,Yes
a3280ece,Female,1,Yes,Yes,30,Yes,No,Month-to-month,Electronic check,84.62,2536.23,Yes
4b589a03,Male,0,Yes,Yes,32,No,DSL,Two year,Credit card,60.03,1896.37,Yes
b374f0c2,Female,0,Yes,Yes,48,No,DSL,One year,Credit card,114.89,5550.03,No
ae694f72,Female,1,No,No,14,Yes,DSL,Two year,Bank transfer,37.26,432.8,No
89236cd9,Male,0,Yes,Yes,15,No,No,Two year,Mailed check,58.24,919.22,No
43e037ba,Female,0,Yes,Yes,19,Yes,DSL,Month-to-month,Credit card,31.25,663.77,Yes
d268e37d,Male,0,No,No,19,No,No,One year,Bank transfer,71.09,1381.18,No
af71c408,Male,0,Yes,Yes,63,Yes,DSL,One year,Mailed check,93.53,5899.48,No
9da66424,Female,1,No,Yes,22,No,Fiber optic,Month-to-month,Bank transfer,62.14,1382.46,No
0a4a3554,Female,1,No,Yes,63,No,No,One year,Electronic check,60.84,3901.85,No
ba7a4995,Female,1,Yes,No,44,Yes,No,One year,Credit card,37.69,1650.57,No
78d857e7,Female,0,Yes,No,35,Yes,DSL,One year,Credit card,61.66,2153.81,Yes
a073385f,Male,1,No,No,52,Yes,No,Month-to-month,Mailed check,72.25,3816.11,No
b105043d,Female,0,Yes,Yes,57,Yes,DSL,One year,Credit card,22.68,1261.08,No
9140c4d8,Male,0,Yes,Yes,52,No,Fiber optic,Two year,Electronic check,57.8,3105.49,No
cf621ef2,Male,0,Yes,Yes,18,No,No,One year,Bank transfer,75.66,1334.07,No
f420e9c2,Female,0,No,Yes,72,No,DSL,Two year,Credit card,21.97,1569.84,No
c05916eb,Male,1,No,Yes,22,Yes,No,Month-to-month,Electronic check,23.94,520.15,No
fd04934b,Female,1,No,Yes,55,Yes,Fiber optic,Two year,Credit card,117.5,6478.3,No
0c63ce23,Male,1,No,No,42,Yes,DSL,Two year,Electronic check,117.44,4850.8,Yes
d310a766,Male,1,Yes,Yes,23,Yes,No,One year,Bank transfer,21.18,396.75,Yes
f56c3552,Female,1,Yes,No,2,No,Fiber optic,One year,Credit card,118.98,172.39,Yes
96ab38ba,Female,1,Yes,Yes,58,No,Fiber optic,Month-to-month,Mailed check,94.82,5450.44,Yes
03d81363,Female,1,Yes,Yes,11,Yes,DSL,Two year,Credit card,60.45,587.55,Yes
f0170a92,Female,1,No,Yes,59,No,Fiber optic,Month-to-month,Credit card,113.74,6807.32,Yes
5f0d9527,Male,1,No,No,1,No,DSL,One year,Credit card,103.75,67.8,No
a2fdcb53,Female,0,No,Yes,67,No,No,Two year,Electronic check,70.91,4705.98,No
e9c7a4c5,Female,1,No,Yes,6,No,Fiber optic,One year,Electronic check,87.38,513.12,Yes
531e7e20,Male,0,No,Yes,19,No,DSL,Month-to-month,Electronic check,117.4,2277.93,Yes
741c4408,Male,0,Yes,No,53,No,No,Two year,Bank transfer,87.74,4729.63,No
a7ca086e,Male,1,Yes,Yes,16,Yes,Fiber optic,Two year,Mailed check,70.01,1062.09,No
34398177,Female,0,No,Yes,54,No,No,One year,Mailed check,46.47,2478.61,No
c5d79c0f,Female,1,No,No,71,No,DSL,Month-to-month,Bank transfer,106.45,7601.6,No
86260bd5,Female,1,No,Yes,50,Yes,Fiber optic,Month-to-month,Electronic check,20.49,959.4,No
2c16bfae,Male,1,Yes,No,34,No,Fiber optic,One year,Electronic check,62.98,2132.92,No
f658a590,Female,1,No,No,55,No,No,Two year,Credit card,81.97,4509.04,No
74f9242b,Male,1,Yes,No,66,Yes,DSL,One year,Mailed check,45.8,3013.18,Yes
952e74a7,Male,0,No,No,43,Yes,Fiber optic,Two year,Bank transfer,116.26,4986.17,No
e342a066,Male,1,No,No,67,No,No,One year,Bank transfer,80.28,5300.94,No
088689e9,Male,0,Yes,No,16,Yes,Fiber optic,One year,Credit card,112.11,1707.74,No
c0ed0426,Male,0,Yes,No,54,No,Fiber optic,Month-to-month,Mailed check,53.53,2841.08,Yes
7fa76301,Female,1,Yes,No,31,No,No,One year,Mailed check,44.81,1331.75,Yes
88657b04,Male,0,Yes,No,59,Yes,DSL,Month-to-month,Electronic check,107.22,6296.41,Yes
7b733f3c,Female,0,No,No,72,No,Fiber optic,Month-to-month,Credit card,110.41,7957.44,Yes
4fa3bd2e,Male,0,No,Yes,49,Yes,Fiber optic,Two year,Electronic check,43.16,2101.44,Yes
36c5c75d,Female,0,No,No,22,No,Fiber optic,Two year,Credit card,111.49,2457.44,No
870ad7be,Female,1,Yes,Yes,23,Yes,No,Two year,Bank transfer,73.69,1772.98,No
0912edc5,Male,0,Yes,Yes,11,Yes,No,Month-to-month,Credit card,86.98,1024.73,Yes
2ce8f370,Female,0,No,Yes,27,No,Fiber optic,Two year,Bank transfer,106.75,2971.18,No
66b0ae3f,Male,1,Yes,Yes,70,Yes,Fiber optic,Month-to-month,Mailed check,90.24,6372.36,Yes
be261a5a,Male,1,No,Yes,65,Yes,DSL,Two year,Bank transfer,119.39,7756.97,No
75a30806,Female,1,Yes,Yes,29,Yes,No,Two year,Bank transfer,46.6,1378.06,No
12e7ae88,Female,1,No,Yes,58,Yes,DSL,Month-to-month,Bank transfer,69.97,4101.03,Yes
0b590902,Female,0,Yes,No,17,Yes,No,Two year,Mailed check,97.59,1603.16,No
bf7453f0,Female,1,Yes,No,33,No,Fiber optic,Month-to-month,Bank transfer,24.18,843.3,Yes
345b304f,Female,1,No,No,5,No,No,One year,Electronic check,49.32,167.4,No
e07b1328,Female,1,No,No,30,No,Fiber optic,One year,Electronic check,72.76,2251.08,No
1cdb104d,Female,1,No,No,30,No,DSL,Two year,Mailed check,40.72,1263.94,No
d8ac31ba,Female,1,Yes,No,4,No,DSL,Month-to-month,Bank transfer,21.06,154.04,Yes
de54edb8,Male,0,Yes,Yes,5,Yes,No,Two year,Bank transfer,68.82,248.91,Yes
f9cea72e,Female,0,Yes,Yes,66,Yes,No,Two year,Credit card,22.89,1434.21,No
6aac0392,Male,0,Yes,No,46,Yes,No,One year,Electronic check,62.43,2896.69,No
078de7e7,Female,1,No,Yes,27,No,Fiber optic,Month-to-month,Credit card,65.7,1841.44,Yes
1561629c,Female,1,No,No,10,No,No,One year,Credit card,119.8,1283.2,Yes
8eb060ce,Male,1,No,Yes,44,Yes,DSL,One year,Bank transfer,81.16,3545.21,No
4d718c83,Female,1,Yes,No,57,Yes,DSL,One year,Mailed check,31.47,1796.58,No
ef03441a,Female,0,Yes,Yes,8,Yes,No,Two year,Mailed check,114.24,992.76,Yes
9cf5e60e,Male,1,Yes,Yes,12,No,Fiber optic,One year,Bank transfer,49.94,680.82,Yes
e872a0a0,Male,0,Yes,No,50,Yes,DSL,One year,Electronic check,96.5,4901.34,Yes
784486cc,Male,1,Yes,No,23,Yes,No,Month-to-month,Bank transfer,92.35,2042.36,Yes
19cb7b8e,Male,0,Yes,No,38,Yes,No,Month-to-month,Bank transfer,84.4,3266.06,Yes
c72909a9,Female,1,No,Yes,46,Yes,DSL,Two year,Electronic check,67.82,3083.12,No
e6f11591,Male,0,Yes,No,31,Yes,DSL,One year,Electronic check,110.42,3388.0,No
3c97e5a6,Female,0,Yes,No,34,No,DSL,One year,Mailed check,100.1,3445.41,No
b41ca561,Male,0,Yes,Yes,70,Yes,Fiber optic,Month-to-month,Mailed check,61.6,4249.13,No
b3d7b679,Male,1,Yes,Yes,27,No,DSL,Month-to-month,Bank transfer,70.25,1995.54,No
277dba70,Male,0,Yes,Yes,53,No,DSL,Month-to-month,Electronic check,50.2,2632.69,Yes
fc132942,Male,1,No,No,51,No,DSL,Two year,Electronic check,116.42,5982.83,No
d898d0e9,Male,1,Yes,Yes,7,No,No,Two year,Electronic check,119.17,928.95,Yes
ebbeff14,Male,0,Yes,No,38,No,DSL,Month-to-month,Mailed check,23.58,958.67,No
84d76ae6,Female,1,No,No,48,Yes,Fiber optic,Month-to-month,Credit card,62.99,3115.15,Yes
fe2237d9,Male,1,Yes,No,46,Yes,DSL,Month-to-month,Electronic check,90.75,4205.1,No
17028d5f,Male,0,No,No,26,Yes,No,Two year,Electronic check,86.21,2333.4,No
97d93a26,Female,1,Yes,Yes,25,No,DSL,One year,Electronic check,95.97,2413.92,No
db9abc75,Male,0,Yes,No,36,Yes,Fiber optic,One year,Mailed check,60.26,2188.8,No
e989c1e9,Male,0,No,Yes,4,No,No,One year,Electronic check,69.32,325.72,No
afb92ca8,Female,1,No,No,26,Yes,DSL,Month-to-month,Credit card,44.96,1112.2,No
693696bb,Female,0,Yes,No,22,No,DSL,Two year,Credit card,44.34,942.49,Yes
98918671,Male,1,No,Yes,36,Yes,DSL,Month-to-month,Electronic check,55.61,2101.75,No
a1a5b8a0,Male,0,Yes,Yes,55,Yes,No,Month-to-month,Credit card,69.56,3837.96,Yes
b51ec03f,Female,1,No,No,5,No,Fiber optic,One year,Bank transfer,45.81,176.13,Yes
6cbcb315,Female,1,No,No,13,Yes,DSL,Month-to-month,Electronic check,59.29,768.99,Yes
cded348b,Male,0,No,No,57,Yes,Fiber optic,One year,Bank transfer,68.08,3788.02,No
b5a9582a,Male,1,No,No,48,Yes,Fiber optic,Two year,Mailed check,63.94,3077.93,No
6c6d4ef2,Male,0,No,Yes,14,No,Fiber optic,Month-to-month,Electronic check,50.69,793.15,Yes
590230ae,Male,0,No,No,44,Yes,Fiber optic,One year,Bank transfer,53.98,2401.24,No
aa4d8268,Female,1,No,No,64,No,DSL,Month-to-month,Bank transfer,65.21,4271.17,No
665097aa,Female,0,Yes,Yes,53,No,DSL,Month-to-month,Electronic check,98.79,5141.6,Yes
37c04e5c,Male,1,No,Yes,20,No,No,One year,Credit card,115.65,2406.73,No
21fc1a07,Male,1,No,Yes,68,Yes,No,Month-to-month,Bank transfer,43.18,2909.77,Yes
99d0595b,Female,0,Yes,Yes,53,No,No,Month-to-month,Electronic check,88.3,4761.28,Yes
b69f8eb3,Female,1,Yes,No,68,No,No,Month-to-month,Credit card,82.84,5645.51,Yes
4420606f,Female,1,No,No,43,No,No,Month-to-month,Bank transfer,107.63,4552.91,Yes
5ac7ed32,Female,1,Yes,Yes,18,Yes,Fiber optic,Two year,Bank transfer,103.53,1959.73,Yes
7e2f3d8d,Female,0,No,No,15,Yes,DSL,Two year,Credit card,61.49,1008.39,No
1b2f47b7,Female,0,No,No,30,Yes,No,One year,Mailed check,51.3,1462.51,No
ab97c851,Female,0,No,No,6,No,No,One year,Electronic check,25.3,140.79,No
5c7cb4ed,Female,1,Yes,Yes,10,No,No,One year,Bank transfer,93.77,885.58,Yes
3e3e11b5,Female,1,No,No,45,No,DSL,Two year,Mailed check,97.39,4439.99,Yes
92d8090c,Female,1,No,Yes,72,Yes,Fiber optic,Month-to-month,Bank transfer,32.47,2279.46,Yes
c5a36a4c,Female,1,Yes,Yes,44,No,No,Two year,Electronic check,71.77,3083.86,No
c283b7f2,Male,1,Yes,Yes,16,Yes,Fiber optic,Month-to-month,Credit card,31.6,488.9,Yes
5e78f95a,Female,0,Yes,Yes,59,No,Fiber optic,Two year,Credit card,56.32,3283.57,No
13372f7a,Male,0,Yes,No,62,Yes,Fiber optic,Two year,Credit card,117.05,7269.01,Yes
ea13cf90,Female,0,No,Yes,23,No,No,Month-to-month,Electronic check,53.43,1147.85,No
52fe305b,Male,0,No,No,52,Yes,Fiber optic,Two year,Bank transfer,61.19,3085.79,No
5c40bc6c,Male,0,Yes,Yes,53,No,No,Two year,Mailed check,50.74,2740.82,No
17ef972b,Male,0,No,No,2,Yes,Fiber optic,Month-to-month,Electronic check,103.2,256.25,Yes
0a896f92,Male,1,No,No,22,No,DSL,Two year,Mailed check,23.66,580.63,No
43eaf570,Female,1,No,No,70,No,DSL,Two year,Credit card,64.03,4463.97,Yes
45c271d9,Male,1,Yes,No,51,No,Fiber optic,One year,Bank transfer,51.67,2561.82,Yes
794cede3,Male,1,Yes,Yes,64,No,DSL,Month-to-month,Bank transfer,67.66,4300.24,No
27b29377,Female,0,No,No,23,Yes,DSL,Month-to-month,Mailed check,59.72,1471.9,No
583d0001,Female,1,Yes,No,48,Yes,No,Month-to-month,Electronic check,115.24,5476.06,No
21ebefe9,Female,1,No,Yes,43,Yes,No,Month-to-month,Mailed check,28.65,1234.94,Yes
624690c2,Female,0,Yes,No,44,No,No,Two year,Electronic check,90.81,3935.66,No
6ba2411a,Female,0,No,Yes,27,Yes,DSL,Month-to-month,Bank transfer,39.41,1062.58,Yes
59f5bee8,Male,0,Yes,Yes,60,Yes,Fiber optic,Month-to-month,Mailed check,33.98,2096.1,Yes
6ef7915d,Female,0,Yes,Yes,30,No,No,Two year,Electronic check,91.75,2817.41,No
b1916d59,Male,0,Yes,Yes,5,No,DSL,One year,Mailed check,40.44,191.35,No
c319d004,Male,1,No,No,47,Yes,DSL,Month-to-month,Bank transfer,59.86,2866.63,No
7454b0ac,Female,0,No,Yes,57,No,No,Two year,Bank transfer,30.1,1720.45,No
629ac4b6,Male,0,No,Yes,38,No,Fiber optic,One year,Mailed check,56.95,2205.3,No
7e3b20de,Female,0,No,Yes,38,No,No,Month-to-month,Credit card,23.01,815.63,No
ef1b49d7,Female,0,Yes,Yes,17,Yes,No,Two year,Electronic check,72.62,1245.76,No
0c2dbba4,Female,1,Yes,Yes,48,Yes,No,Two year,Bank transfer,22.29,1002.92,No
7d938878,Female,0,Yes,No,43,No,No,Two year,Credit card,21.17,897.49,No
5569cb33,Female,0,Yes,Yes,54,Yes,No,Two year,Credit card,67.1,3697.57,Yes
d281af95,Female,0,No,Yes,68,No,Fiber optic,One year,Mailed check,53.49,3599.4,Yes
3ed4300b,Female,1,Yes,Yes,38,No,DSL,One year,Bank transfer,40.59,1577.75,No
09568fb9,Male,0,No,Yes,42,Yes,Fiber optic,One year,Bank transfer,98.79,4106.38,Yes
8314374b,Female,1,No,Yes,7,Yes,No,Month-to-month,Mailed check,34.96,315.15,No
eb4bca17,Male,0,No,No,45,No,DSL,One year,Mailed check,93.58,4242.46,No
418aec1b,Male,0,Yes,No,28,No,Fiber optic,Two year,Electronic check,79.84,2148.58,No
ebdaf742,Female,0,No,Yes,51,No,Fiber optic,Two year,Mailed check,92.0,4737.45,Yes
ccc06a84,Male,1,Yes,No,66,Yes,DSL,One year,Credit card,55.74,3651.45,No
c5fbd7b7,Female,0,No,Yes,54,No,No,Two year,Bank transfer,49.26,2747.58,Yes
eaad1e1b,Male,0,No,Yes,54,No,Fiber optic,One year,Credit card,63.53,3445.55,No
de008b57,Male,1,Yes,No,17,No,Fiber optic,Two year,Credit card,70.12,1206.56,No
3b5647a7,Female,1,No,Yes,58,No,No,Two year,Mailed check,64.25,3745.18,No
61ae8322,Male,1,Yes,No,66,No,Fiber optic,Month-to-month,Mailed check,51.89,3367.6,Yes
828059c7,Male,1,No,No,51,No,Fiber optic,Month-to-month,Mailed check,100.22,5201.68,Yes
a3610d15,Male,1,No,Yes,43,Yes,No,Month-to-month,Bank transfer,37.68,1542.66,Yes
23554f3b,Female,1,Yes,Yes,67,No,Fiber optic,One year,Bank transfer,74.59,4939.45,No
a368e0c5,Male,0,Yes,Yes,52,No,No,One year,Electronic check,45.96,2345.16,No
afa7acb9,Female,1,Yes,Yes,6,Yes,No,Two year,Credit card,118.5,658.55,No
23967cdd,Female,1,No,Yes,39,Yes,DSL,Month-to-month,Mailed check,32.26,1262.37,Yes
4e055800,Female,1,Yes,Yes,29,Yes,DSL,Month-to-month,Mailed check,71.56,2038.37,No
71cf007f,Male,0,No,Yes,4,No,Fiber optic,One year,Electronic check,26.86,178.55,No
cb9fd043,Male,1,Yes,No,15,No,Fiber optic,Two year,Electronic check,38.97,564.78,No
e71e9d42,Female,0,Yes,Yes,11,Yes,DSL,One year,Credit card,70.17,830.86,No
fcd3f74d,Male,0,Yes,Yes,72,Yes,DSL,One year,Credit card,110.72,8062.68,No
0ed2b97d,Female,0,Yes,Yes,18,Yes,Fiber optic,Two year,Mailed check,27.42,432.5,Yes
ea824269,Female,1,No,Yes,62,No,Fiber optic,One year,Bank transfer,107.28,6565.97,Yes
8a1587ab,Male,0,No,No,52,Yes,Fiber optic,Month-to-month,Mailed check,30.62,1630.34,Yes
590bbab5,Male,1,Yes,Yes,55,Yes,DSL,Month-to-month,Electronic check,51.8,2883.75,Yes
d49270e6,Female,0,No,Yes,30,Yes,DSL,Two year,Mailed check,107.48,3247.32,Yes
54d33f2f,Male,1,Yes,No,55,Yes,No,One year,Bank transfer,98.8,5378.23,No
1ea21878,Male,1,Yes,Yes,52,Yes,Fiber optic,One year,Electronic check,106.02,5422.72,Yes
2cc66c42,Female,1,Yes,Yes,55,No,DSL,One year,Electronic check,20.59,1056.94,No
f179d0fd,Female,1,No,No,14,Yes,DSL,Two year,Bank transfer,45.67,700.27,No
b1c84365,Female,1,No,No,52,No,Fiber optic,Two year,Electronic check,21.16,1136.34,No
fe339251,Male,0,No,Yes,56,No,No,Two year,Bank transfer,79.41,4391.05,No
54e2350f,Female,1,No,Yes,19,No,No,One year,Bank transfer,86.52,1675.47,No
1787b659,Female,1,Yes,Yes,25,Yes,Fiber optic,One year,Credit card,87.45,2211.67,No
450764cd,Female,0,No,No,51,Yes,DSL,One year,Credit card,113.82,5898.26,No
f04a7894,Female,1,No,Yes,18,No,DSL,One year,Credit card,116.61,2191.37,Yes
26804b85,Female,1,No,No,56,Yes,No,Two year,Mailed check,20.79,1102.17,No
a0fdc856,Male,1,No,No,16,Yes,No,One year,Credit card,59.58,928.98,Yes
74986c0a,Female,0,Yes,No,27,No,DSL,One year,Bank transfer,28.67,861.65,No
1498f5a3,Female,1,Yes,Yes,5,No,No,Two year,Bank transfer,20.07,64.56,No
f47665b6,Male,1,Yes,Yes,8,No,Fiber optic,Two year,Mailed check,53.95,361.64,Yes
d99ecd3d,Male,1,Yes,Yes,48,Yes,No,Two year,Mailed check,111.85,5272.13,No
91620a6a,Female,0,Yes,No,1,Yes,Fiber optic,Two year,Bank transfer,80.45,157.09,No
b320145b,Female,1,Yes,No,69,Yes,Fiber optic,Month-to-month,Mailed check,112.62,7767.88,No
19e86557,Male,0,Yes,Yes,20,Yes,DSL,Two year,Mailed check,29.67,516.35,No
bfe0491f,Female,1,No,No,50,No,Fiber optic,One year,Credit card,35.06,1715.15,No
99de608a,Male,1,Yes,No,37,Yes,Fiber optic,Month-to-month,Mailed check,97.63,3686.5,Yes
876e5cf9,Male,0,No,Yes,41,Yes,No,Month-to-month,Bank transfer,51.08,2143.85,Yes
5ac74c18,Female,0,Yes,Yes,43,No,Fiber optic,One year,Mailed check,24.61,1008.14,No
496a2ef3,Female,0,No,No,57,No,No,One year,Electronic check,59.67,3388.22,No
12a20be1,Male,0,No,No,11,Yes,Fiber optic,Two year,Bank transfer,92.3,941.18,Yes
e297d867,Male,0,No,No,14,Yes,Fiber optic,Month-to-month,Mailed check,57.14,849.97,No
2ab6cae0,Male,0,No,No,33,No,No,Month-to-month,Electronic check,99.04,3220.99,No
ddf61226,Male,1,Yes,Yes,19,No,Fiber optic,One year,Bank transfer,79.09,1576.16,No
b3152761,Female,0,Yes,No,13,No,DSL,One year,Mailed check,101.08,1350.75,No
d094fc99,Female,0,No,No,4,No,DSL,Two year,Bank transfer,29.22,166.88,Yes
a41707eb,Male,0,Yes,No,9,Yes,Fiber optic,Month-to-month,Credit card,93.37,845.03,Yes
b0286aca,Male,1,Yes,Yes,64,Yes,DSL,One year,Mailed check,80.7,5108.27,No
b1414a6f,Female,0,Yes,No,21,No,Fiber optic,Two year,Bank transfer,36.74,717.36,No
2feed522,Female,1,No,No,27,No,No,Two year,Mailed check,88.58,2487.77,No
6326d8da,Male,1,No,No,33,Yes,Fiber optic,One year,Credit card,20.64,584.72,No
18adf8fc,Male,0,No,Yes,21,No,DSL,Month-to-month,Mailed check,105.48,2225.0,Yes
5afcf548,Male,0,Yes,No,72,No,Fiber optic,Month-to-month,Bank transfer,99.01,7181.23,Yes
0e30a127,Female,1,No,Yes,56,Yes,Fiber optic,Month-to-month,Credit card,76.99,4343.89,Yes
23d41c98,Male,1,Yes,No,24,No,DSL,One year,Bank transfer,40.24,996.45,No
7dab8753,Female,1,Yes,No,45,Yes,DSL,Month-to-month,Electronic check,29.81,1434.82,No
db7b2453,Female,0,No,No,40,No,Fiber optic,Month-to-month,Bank transfer,75.91,3081.57,Yes
50110c7f,Female,0,Yes,Yes,71,Yes,Fiber optic,Two year,Mailed check,100.65,7188.1,No
cb85d995,Female,0,No,No,53,No,No,One year,Credit card,39.34,2122.89,No
4c55d2a6,Female,0,Yes,No,63,No,Fiber optic,Two year,Electronic check,56.61,3508.35,No
2d68fafe,Female,0,Yes,Yes,10,Yes,DSL,Two year,Bank transfer,78.48,728.81,No
cfab6295,Male,0,Yes,Yes,2,Yes,DSL,One year,Bank transfer,87.96,173.92,Yes
a93f771b,Female,0,No,Yes,43,Yes,Fiber optic,One year,Mailed check,50.79,2277.37,No
85277181,Female,0,No,No,34,Yes,DSL,Month-to-month,Credit card,119.28,4076.26,No
56e5939c,Female,1,Yes,Yes,40,No,No,Two year,Electronic check,103.92,4252.95,No
d91433a8,Male,1,No,Yes,59,Yes,No,One year,Mailed check,81.31,4811.75,No
fdfcca01,Female,0,No,Yes,24,No,Fiber optic,One year,Mailed check,96.17,2299.69,Yes
82c3711c,Female,1,Yes,Yes,47,No,No,Two year,Bank transfer,82.04,3849.67,No
e62f6b0a,Male,1,Yes,No,60,Yes,Fiber optic,One year,Electronic check,20.71,1165.73,No
204cbe0b,Female,0,No,Yes,55,No,No,Two year,Credit card,70.8,3875.26,Yes
e0c8ae2d,Female,0,No,No,65,No,Fiber optic,Two year,Mailed check,57.85,3853.9,No
d0aae172,Female,1,No,No,7,No,Fiber optic,One year,Credit card,36.82,197.89,No
cf57bdc7,Male,1,No,No,67,Yes,No,One year,Bank transfer,64.44,4365.76,No
9a3bbef4,Female,0,Yes,No,36,No,No,One year,Electronic check,105.37,3874.74,Yes
bfb7645c,Female,1,No,Yes,22,Yes,Fiber optic,Two year,Credit card,80.05,1662.21,No
54bc7f71,Male,0,Yes,No,57,No,DSL,Two year,Credit card,100.47,5696.67,No
42ec05e2,Male,1,No,Yes,25,No,Fiber optic,Month-to-month,Credit card,38.65,987.68,No
10ec971f,Female,0,Yes,Yes,29,No,DSL,One year,Bank transfer,65.86,1821.01,No
4ef60185,Female,1,No,Yes,4,Yes,DSL,Two year,Credit card,51.42,114.86,No
3a0ecfc7,Male,1,Yes,Yes,38,Yes,Fiber optic,Two year,Bank transfer,112.45,4266.56,No
148bd2d2,Male,0,Yes,No,63,Yes,Fiber optic,Two year,Bank transfer,39.66,2555.34,No
8097c79e,Male,0,No,Yes,7,No,Fiber optic,Two year,Credit card,107.71,658.2,Yes
fd34c43d,Male,0,Yes,No,39,Yes,Fiber optic,One year,Credit card,117.68,4541.99,No
8a057851,Female,1,Yes,No,34,Yes,No,One year,Bank transfer,45.16,1613.33,No
c58bed30,Female,0,Yes,No,45,No,DSL,Two year,Credit card,86.87,3962.86,Yes
5872725a,Male,0,No,Yes,43,Yes,DSL,One year,Electronic check,63.27,2714.7,No
8058a019,Male,0,Yes,No,15,No,Fiber optic,One year,Bank transfer,32.74,489.5,No
f64a3751,Male,1,No,No,65,Yes,No,Two year,Electronic check,64.59,4165.24,No
71fbb33e,Female,0,No,No,4,Yes,DSL,One year,Credit card,101.87,360.95,No
fb871287,Female,1,No,Yes,2,No,Fiber optic,One year,Mailed check,42.8,89.11,No
7c7ed5ea,Female,0,Yes,No,34,No,DSL,Two year,Electronic check,82.02,2784.52,Yes
63e96e79,Female,1,Yes,No,32,Yes,No,One year,Bank transfer,93.94,2922.62,No
2f40fc46,Female,1,Yes,No,4,Yes,DSL,Two year,Credit card,39.99,97.2,No
eb1d884b,Male,1,Yes,Yes,16,Yes,DSL,Two year,Mailed check,94.32,1440.91,No
b107eaf4,Male,0,No,No,46,Yes,DSL,One year,Mailed check,104.97,4808.53,No
72f04dd4,Female,0,Yes,Yes,24,No,DSL,Month-to-month,Electronic check,88.26,2059.94,No
b4fcaca9,Female,0,Yes,Yes,1,No,No,Month-to-month,Mailed check,22.2,-52.2,No
5721ef37,Female,0,No,No,68,No,No,Month-to-month,Mailed check,107.45,7362.95,No
bfaa7c59,Male,0,No,No,28,No,No,One year,Credit card,111.52,3094.34,No
82000084,Male,1,Yes,No,31,No,No,Month-to-month,Mailed check,72.63,2172.53,Yes
2dd9eae4,Female,0,No,No,17,Yes,No,Month-to-month,Bank transfer,78.69,1411.34,No
0013ba17,Female,1,No,No,44,No,DSL,Month-to-month,Electronic check,110.53,4881.67,No
470b378f,Male,1,No,Yes,50,Yes,No,Month-to-month,Bank transfer,30.33,1576.34,No
ae6cd106,Female,0,No,No,33,No,DSL,Month-to-month,Bank transfer,48.81,1653.1,Yes
bd354d4a,Female,0,No,No,27,No,DSL,Two year,Electronic check,56.83,1500.94,No
49d8ac40,Male,1,No,No,58,Yes,Fiber optic,One year,Bank transfer,96.76,5602.49,No
d8f619df,Male,1,Yes,No,17,Yes,No,One year,Mailed check,41.68,698.04,No
fac1aebb,Female,1,Yes,No,37,No,Fiber optic,Two year,Bank transfer,107.42,4053.08,No
5256f227,Female,0,Yes,No,17,Yes,No,One year,Credit card,39.75,688.48,Yes
5ad4dcaf,Male,1,Yes,No,22,Yes,No,One year,Electronic check,97.65,2134.49,Yes
bbdf9d43,Male,0,No,Yes,62,No,Fiber optic,Month-to-month,Bank transfer,59.73,3642.73,No
ebf8599b,Female,1,No,No,7,Yes,Fiber optic,One year,Mailed check,25.59,135.71,Yes
9a0b10b2,Female,1,No,No,16,Yes,DSL,Two year,Mailed check,62.4,1010.05,No
6c7c5631,Male,0,No,Yes,72,Yes,Fiber optic,Month-to-month,Electronic check,102.04,7369.43,Yes
431e1ff6,Female,0,Yes,Yes,61,No,Fiber optic,Two year,Bank transfer,28.88,1843.82,Yes
b35b72d4,Female,0,Yes,No,72,Yes,No,Two year,Mailed check,58.37,4111.89,No
e5a80bd5,Male,0,Yes,Yes,12,Yes,DSL,Two year,Electronic check,23.34,254.44,Yes
1a106ab2,Female,0,Yes,No,52,Yes,DSL,Two year,Mailed check,48.5,2428.6,No
a16dbddd,Male,0,Yes,No,24,No,No,Month-to-month,Credit card,110.96,2696.18,No
a7bc3bea,Female,1,Yes,Yes,58,Yes,Fiber optic,One year,Credit card,71.97,4224.8,Yes
c05f2edd,Female,1,Yes,No,39,No,DSL,One year,Credit card,71.25,2697.29,No
37084d19,Female,0,No,Yes,36,No,No,Two year,Mailed check,104.82,3725.05,No
bf5ecdc8,Male,1,No,No,42,No,Fiber optic,Two year,Credit card,71.83,3053.48,Yes
49856a63,Female,1,No,No,12,No,No,One year,Mailed check,50.6,697.17,No
acb89004,Male,1,No,No,40,No,DSL,One year,Mailed check,85.36,3353.6,No
7f91de49,Male,0,Yes,Yes,50,No,DSL,Two year,Electronic check,61.83,3190.7,No
d4057e4c,Female,0,Yes,No,50,Yes,DSL,Month-to-month,Credit card,76.02,3728.47,Yes
94849eed,Male,1,No,No,27,No,No,One year,Bank transfer,71.47,1928.08,No
5571974b,Female,1,No,No,50,Yes,No,One year,Credit card,88.65,4515.17,No
79b276f9,Female,1,No,No,7,Yes,DSL,Two year,Credit card,108.67,728.15,No
a945b8ba,Female,0,No,Yes,54,No,Fiber optic,Month-to-month,Credit card,111.55,5956.82,Yes
2ebf5fa3,Male,1,No,Yes,33,Yes,DSL,Month-to-month,Credit card,37.76,1158.37,Yes
15e10cd3,Female,0,No,Yes,32,Yes,No,Month-to-month,Bank transfer,52.58,1708.87,No
c80a1d3d,Male,1,Yes,No,29,No,DSL,One year,Electronic check,51.66,1568.58,No
2e07712c,Male,1,Yes,Yes,53,No,No,One year,Electronic check,91.02,4765.02,Yes
7c7cf680,Female,1,Yes,Yes,6,Yes,No,Two year,Electronic check,112.01,720.86,Yes
10363b06,Male,1,No,Yes,68,No,Fiber optic,Two year,Credit card,46.73,3169.47,No
66ac4985,Male,0,No,Yes,3,Yes,Fiber optic,Two year,Electronic check,90.33,241.26,No
32d97ffa,Female,0,Yes,Yes,40,Yes,Fiber optic,One year,Bank transfer,114.22,4470.05,Yes
2ec227ee,Male,0,No,No,18,Yes,Fiber optic,One year,Bank transfer,30.87,565.61,No
4226cb20,Male,1,Yes,No,20,No,DSL,Two year,Credit card,24.37,436.57,No
21777b12,Female,1,No,No,53,Yes,DSL,Month-to-month,Mailed check,55.14,2993.6,Yes
73c84a38,Male,0,Yes,Yes,54,No,Fiber optic,One year,Bank transfer,96.28,5149.23,Yes
e2d98d17,Female,0,No,No,61,Yes,Fiber optic,Two year,Electronic check,94.74,5707.93,Yes
5ae65ebf,Male,0,No,No,55,Yes,DSL,Month-to-month,Mailed check,77.9,4248.34,No
824589f6,Female,0,No,No,24,No,No,Month-to-month,Mailed check,117.18,2785.32,Yes
99ab49ca,Male,1,Yes,Yes,11,Yes,DSL,One year,Credit card,107.09,1161.71,Yes
0162f758,Male,1,Yes,Yes,35,No,No,One year,Bank transfer,37.66,1354.78,No
90dc9502,Male,0,Yes,Yes,9,Yes,Fiber optic,Month-to-month,Bank transfer,105.62,981.07,Yes
6e427ccc,Male,0,No,No,37,No,DSL,Month-to-month,Credit card,59.14,2161.18,No
1ecbf70d,Female,0,Yes,No,39,No,DSL,Month-to-month,Bank transfer,39.35,1574.76,Yes
970c9389,Male,1,No,Yes,5,Yes,DSL,One year,Bank transfer,83.98,349.24,Yes
3d3e95fd,Female,0,No,Yes,28,No,No,Two year,Credit card,112.04,3162.64,No
6d582425,Male,1,Yes,Yes,49,Yes,No,One year,Electronic check,80.51,3919.99,No
df440679,Male,0,No,Yes,8,No,DSL,Two year,Credit card,88.56,752.7,Yes
794a4edd,Female,1,No,No,37,Yes,No,Two year,Bank transfer,84.36,3026.91,Yes
7d814efa,Female,1,No,Yes,43,No,Fiber optic,One year,Electronic check,77.09,3401.15,No
723fb7da,Male,1,No,Yes,51,Yes,No,Two year,Bank transfer,37.99,1839.96,Yes
555e5547,Female,0,Yes,Yes,53,Yes,No,Two year,Credit card,22.61,1124.06,Yes
cdead1c5,Male,0,No,Yes,29,Yes,DSL,Two year,Bank transfer,63.6,1745.05,No
66294b9f,Female,0,No,No,26,No,No,One year,Mailed check,119.47,3106.14,Yes
83431553,Male,0,Yes,No,7,No,DSL,One year,Credit card,28.46,233.42,No
d263572d,Female,1,No,Yes,52,Yes,Fiber optic,One year,Mailed check,50.59,2536.31,No
8f77476e,Female,1,No,Yes,20,No,DSL,Month-to-month,Bank transfer,23.69,546.86,Yes
ca4c05d9,Male,1,No,Yes,6,Yes,Fiber optic,One year,Bank transfer,24.87,120.6,No
698d5c1e,Male,1,No,No,15,No,Fiber optic,Two year,Bank transfer,69.01,1034.48,No
ae69bc8b,Male,0,Yes,Yes,28,Yes,No,Two year,Credit card,73.7,2038.17,Yes
260b3d30,Female,0,Yes,Yes,8,No,No,One year,Electronic check,89.7,796.01,Yes
73dcccbb,Female,0,Yes,Yes,25,No,DSL,Month-to-month,Electronic check,41.08,974.8,No
c23ccdd9,Female,1,No,Yes,51,No,No,Two year,Credit card,73.04,3728.16,No
181f8a23,Male,1,Yes,Yes,22,Yes,No,One year,Credit card,25.33,576.9,No
70aef1b8,Male,0,Yes,Yes,52,Yes,Fiber optic,Month-to-month,Bank transfer,79.09,4145.57,Yes
74a58ed1,Female,0,No,No,11,Yes,Fiber optic,One year,Electronic check,64.05,696.57,No
7737adfd,Male,0,Yes,Yes,41,No,Fiber optic,Two year,Credit card,52.57,2151.84,No
fdeedc13,Female,0,No,Yes,28,Yes,DSL,One year,Electronic check,50.18,1368.89,No
3e179793,Female,1,No,No,59,No,DSL,Two year,Mailed check,35.79,2135.39,No
7e66a4e4,Female,1,Yes,No,24,No,No,Month-to-month,Electronic check,108.21,2548.36,Yes
08cf1d5d,Male,1,Yes,Yes,3,No,No,Month-to-month,Bank transfer,59.97,231.71,No
723a323d,Male,0,Yes,Yes,19,Yes,Fiber optic,Two year,Bank transfer,105.81,2066.29,Yes
f50f01c2,Male,0,Yes,No,68,No,No,Two year,Credit card,99.97,6798.95,Yes
7fbe1d8b,Female,0,Yes,Yes,42,No,No,Two year,Electronic check,41.01,1683.76,Yes
06b491e1,Female,0,No,No,59,No,Fiber optic,Month-to-month,Bank transfer,56.94,3270.1,Yes
38da0fe0,Female,1,Yes,Yes,54,Yes,DSL,Month-to-month,Mailed check,118.91,6321.79,No
738ed183,Female,1,No,Yes,37,No,Fiber optic,Month-to-month,Mailed check,20.4,822.11,Yes
fea013cd,Male,0,Yes,Yes,34,No,DSL,Two year,Credit card,67.23,2195.74,No
77cf9110,Male,0,Yes,Yes,46,No,DSL,Month-to-month,Bank transfer,30.84,1356.62,No
56d11ae3,Male,1,No,No,14,Yes,No,One year,Electronic check,68.76,942.51,No
70479f4e,Male,0,No,No,25,No,Fiber optic,One year,Electronic check,41.83,985.16,No
261ead85,Male,1,No,Yes,71,No,No,Month-to-month,Bank transfer,31.66,2277.22,Yes
3ddc7cd8,Female,1,Yes,No,23,Yes,No,Month-to-month,Electronic check,37.02,914.35,Yes
0e9b62e2,Female,0,Yes,No,37,No,Fiber optic,Two year,Credit card,20.68,681.98,No
04292ef4,Male,0,Yes,Yes,20,No,No,Month-to-month,Electronic check,20.57,335.54,Yes
1b0f6fbe,Female,1,Yes,Yes,40,No,No,Two year,Credit card,63.58,2639.14,No
1c09c1f2,Female,1,Yes,No,24,No,No,Month-to-month,Credit card,113.95,2754.77,No
8c47b2c7,Male,0,Yes,Yes,35,Yes,DSL,One year,Mailed check,89.38,3143.64,No
9a84af47,Male,1,Yes,No,8,Yes,DSL,Month-to-month,Bank transfer,71.74,650.45,No
2ef5311c,Female,0,No,Yes,70,No,No,Month-to-month,Mailed check,45.07,3197.95,No
edd60769,Female,1,Yes,Yes,62,No,DSL,Month-to-month,Mailed check,103.36,6434.27,Yes
14c6f958,Male,1,No,No,57,No,Fiber optic,One year,Electronic check,99.98,5761.57,No
b691b39c,Female,0,No,Yes,61,No,Fiber optic,Two year,Credit card,50.24,3158.91,Yes
006c30a8,Female,0,Yes,No,7,No,DSL,Two year,Bank transfer,22.05,220.86,Yes
b982f7fd,Male,1,Yes,No,18,No,Fiber optic,One year,Electronic check,54.47,917.03,No
5e715462,Male,0,No,Yes,30,Yes,DSL,Month-to-month,Electronic check,78.09,2306.51,No
c6f8909b,Male,1,No,No,59,Yes,Fiber optic,Month-to-month,Electronic check,74.93,4406.17,Yes
7c9df68b,Male,0,Yes,Yes,11,No,DSL,Two year,Electronic check,72.11,813.63,No
e1581749,Male,1,No,No,32,No,Fiber optic,Month-to-month,Electronic check,51.25,1633.52,No
f2572466,Female,1,No,No,1,No,No,One year,Bank transfer,92.32,102.64,Yes
4679dbc8,Female,1,No,No,54,No,DSL,Two year,Bank transfer,32.52,1670.22,Yes
3325c0dc,Male,0,Yes,No,22,Yes,Fiber optic,One year,Electronic check,36.29,772.54,No
42187b9c,Male,0,Yes,No,45,No,No,Month-to-month,Bank transfer,49.41,2239.82,No
82899e76,Male,1,No,Yes,40,No,DSL,One year,Credit card,54.26,2204.9,No
4e453f19,Female,1,No,Yes,9,Yes,DSL,Month-to-month,Mailed check,69.12,621.41,Yes
fb12ac29,Male,1,No,No,23,No,DSL,Month-to-month,Electronic check,41.65,1023.06,Yes
e43a1126,Female,1,Yes,No,41,Yes,DSL,Month-to-month,Mailed check,107.73,4507.77,No
f79bd1ca,Female,0,Yes,Yes,10,Yes,DSL,Month-to-month,Electronic check,28.77,308.97,No
626bdeb6,Male,0,Yes,Yes,56,No,Fiber optic,Two year,Electronic check,93.2,5186.07,Yes
c4c78ec0,Male,0,No,Yes,39,No,No,Month-to-month,Electronic check,74.71,2888.13,Yes
a273e2c4,Female,1,No,Yes,4,Yes,No,Month-to-month,Bank transfer,74.4,287.15,Yes
f0909b46,Female,0,Yes,No,9,No,DSL,One year,Mailed check,48.15,454.67,No
223cb739,Male,0,Yes,Yes,33,No,DSL,One year,Electronic check,41.3,1303.89,No
0a26167b,Female,0,No,No,51,No,DSL,One year,Mailed check,20.19,932.09,No
b3641240,Female,0,No,No,18,Yes,No,Month-to-month,Mailed check,24.73,439.61,No
7ae9c1dc,Female,1,No,No,11,Yes,No,Month-to-month,Credit card,68.91,816.99,Yes
09b2d9f4,Male,0,No,Yes,28,Yes,DSL,Month-to-month,Mailed check,70.01,1953.22,Yes
bc6c8d38,Female,1,Yes,No,36,Yes,Fiber optic,One year,Electronic check,70.67,2489.08,No
60af63cd,Male,1,Yes,Yes,36,No,DSL,Two year,Credit card,31.35,1139.7,No
ca08078d,Female,1,Yes,Yes,63,No,DSL,Two year,Electronic check,100.49,6332.87,Yes
246ca6b1,Female,1,No,Yes,36,No,No,Month-to-month,Mailed check,102.72,3718.11,Yes
aa29dd37,Male,0,No,Yes,30,No,DSL,One year,Mailed check,71.66,2219.29,No
f9356db2,Male,1,No,No,72,No,Fiber optic,Two year,Bank transfer,85.67,6105.42,No
e958e7e2,Male,1,Yes,Yes,5,Yes,No,Two year,Credit card,65.02,412.91,No
c9f06723,Female,0,No,Yes,5,Yes,DSL,Two year,Bank transfer,65.55,255.72,No
cc23057c,Female,0,Yes,Yes,23,No,Fiber optic,One year,Credit card,49.5,1059.63,No
e1888810,Female,1,Yes,No,71,No,Fiber optic,Two year,Bank transfer,62.75,4451.95,Yes
0197c135,Male,0,Yes,No,64,No,Fiber optic,Two year,Credit card,25.93,1611.27,Yes
c2e44f6c,Male,1,No,Yes,2,Yes,DSL,One year,Bank transfer,43.09,17.59,Yes
8a463c9b,Male,1,Yes,Yes,40,No,No,Two year,Credit card,104.01,4192.28,No
0f81ed63,Male,1,No,No,30,Yes,Fiber optic,One year,Mailed check,71.34,2060.42,No
510c7728,Female,0,Yes,Yes,37,Yes,DSL,Two year,Electronic check,105.51,3828.11,No
8711deb3,Male,0,Yes,No,11,No,Fiber optic,Two year,Bank transfer,101.41,1199.98,Yes
172556ec,Female,0,No,Yes,11,Yes,DSL,Month-to-month,Bank transfer,109.75,1202.18,No
c880b27a,Male,1,No,Yes,46,Yes,Fiber optic,One year,Electronic check,108.83,5067.39,Yes
ca490986,Male,0,Yes,Yes,27,No,DSL,One year,Electronic check,32.35,937.77,No
ecbe5f6e,Female,0,Yes,Yes,2,Yes,No,One year,Mailed check,68.88,87.33,No
94b979c0,Female,1,Yes,No,40,No,Fiber optic,One year,Mailed check,46.48,1888.55,No
16b8db3e,Female,1,Yes,No,16,No,Fiber optic,Two year,Bank transfer,32.37,499.79,No
5914f204,Female,1,Yes,Yes,41,No,No,One year,Mailed check,40.97,1732.41,No
c131faf1,Male,1,No,Yes,40,Yes,DSL,Month-to-month,Mailed check,116.75,4606.59,Yes
bab183f2,Female,0,No,Yes,43,No,DSL,Two year,Bank transfer,107.59,4560.65,No
8ab9e1ca,Female,1,Yes,No,66,Yes,Fiber optic,Two year,Mailed check,28.8,1938.03,Yes
22f82fed,Female,1,No,No,36,Yes,Fiber optic,One year,Bank transfer,90.37,3247.99,No
83d8f6b4,Male,0,No,No,5,No,DSL,Month-to-month,Credit card,50.61,209.51,Yes
9622499d,Male,1,No,No,17,No,Fiber optic,One year,Mailed check,116.03,2006.83,No
48ae3268,Female,1,No,No,3,Yes,Fiber optic,Month-to-month,Electronic check,78.28,162.78,Yes
4c22f753,Female,0,No,Yes,56,No,No,Month-to-month,Mailed check,24.35,1414.73,No
68eeb12f,Female,1,Yes,Yes,19,Yes,DSL,Two year,Credit card,59.71,1061.71,No
8076eaa1,Female,0,No,Yes,48,No,No,Two year,Bank transfer,25.87,1306.81,No
9dabda4d,Female,1,No,No,72,No,Fiber optic,Month-to-month,Electronic check,77.32,5498.1,Yes
3ec3eca0,Male,1,Yes,No,40,Yes,No,One year,Bank transfer,80.45,3267.69,No
ea613245,Male,1,Yes,Yes,14,No,No,Two year,Mailed check,69.3,1045.02,No
63f6644d,Female,1,No,No,4,Yes,Fiber optic,Month-to-month,Mailed check,36.14,164.5,Yes
98876383,Female,0,Yes,Yes,36,Yes,Fiber optic,One year,Bank transfer,117.85,4198.23,Yes
714989d9,Female,0,No,No,3,Yes,DSL,Two year,Mailed check,55.02,252.6,No
6f4cb758,Male,1,Yes,Yes,68,No,Fiber optic,One year,Credit card,117.73,8095.11,No
6a3f8497,Male,0,No,Yes,34,Yes,Fiber optic,Two year,Mailed check,41.7,1468.2,No
f4231383,Male,1,No,Yes,45,No,DSL,One year,Credit card,31.97,1341.03,No
2d524860,Male,0,No,No,67,No,Fiber optic,Two year,Bank transfer,58.54,3997.62,No
c458a079,Male,0,Yes,No,32,Yes,DSL,Month-to-month,Mailed check,31.14,901.75,No
dbdcc2b8,Female,0,Yes,No,61,Yes,Fiber optic,One year,Mailed check,82.27,5086.73,No
3c11f7de,Male,1,Yes,No,40,Yes,No,Month-to-month,Credit card,71.72,2779.13,No
d1ce6fad,Male,0,No,No,1,Yes,DSL,Month-to-month,Credit card,80.75,75.16,Yes
e52b7100,Male,0,Yes,No,32,No,No,One year,Credit card,79.62,2576.48,Yes
b48b69bd,Male,0,No,Yes,45,No,DSL,Two year,Mailed check,31.5,1389.66,Yes
27fa54aa,Male,0,No,No,9,No,Fiber optic,Two year,Electronic check,66.49,500.77,No
fa662670,Male,0,No,No,45,Yes,Fiber optic,One year,Bank transfer,71.57,3276.92,No
2a3bfb8d,Female,1,Yes,No,38,Yes,DSL,Month-to-month,Credit card,81.86,3192.43,Yes
9bac3eff,Male,0,No,No,65,Yes,DSL,Two year,Bank transfer,62.92,4057.62,Yes
a39157ad,Male,0,No,Yes,34,No,Fiber optic,One year,Bank transfer,110.67,3692.03,No
cf00379b,Female,1,No,Yes,49,Yes,No,One year,Credit card,64.91,3274.32,No
75efeca4,Male,1,No,Yes,7,No,Fiber optic,One year,Mailed check,59.53,478.92,Yes
cab3a4d0,Female,0,Yes,Yes,69,No,Fiber optic,One year,Electronic check,81.12,5560.69,No
2b4380bc,Female,0,Yes,No,35,No,DSL,Two year,Bank transfer,55.64,1981.4,No
1f9ae111,Female,1,No,No,1,Yes,DSL,Two year,Credit card,49.27,45.76,Yes
e846baa2,Male,0,No,No,56,Yes,DSL,Month-to-month,Mailed check,109.99,6239.99,Yes
10566d4c,Female,0,No,No,19,Yes,DSL,Month-to-month,Mailed check,56.42,1150.19,Yes
10644599,Male,1,No,No,48,Yes,Fiber optic,Month-to-month,Credit card,43.41,2124.81,Yes
9a2dd826,Male,1,No,No,53,Yes,DSL,Month-to-month,Mailed check,85.34,4432.26,Yes
095f4956,Female,1,Yes,No,17,Yes,No,Two year,Bank transfer,78.83,1304.75,No
ca53939b,Female,0,Yes,Yes,55,No,DSL,One year,Bank transfer,24.4,1341.74,No
411d8b6e,Male,1,No,Yes,11,No,Fiber optic,One year,Mailed check,92.96,1054.66,Yes
aa5910cc,Female,1,No,No,56,No,Fiber optic,One year,Credit card,38.65,2080.27,No
6ef1629e,Male,1,No,No,55,Yes,No,Two year,Credit card,32.19,1700.3,Yes
5aa1991e,Female,0,Yes,Yes,9,Yes,No,Two year,Credit card,45.07,450.79,No
db28283e,Male,0,Yes,No,18,Yes,No,Two year,Mailed check,40.5,672.76,No
68bc3c85,Female,1,No,No,28,No,DSL,Two year,Bank transfer,106.12,2899.08,No
ec10498e,Female,1,No,Yes,62,No,Fiber optic,Two year,Electronic check,27.11,1746.83,No
e00519a7,Female,0,No,No,41,No,No,Month-to-month,Electronic check,61.77,2550.39,Yes
e04b669c,Female,1,No,No,63,No,Fiber optic,One year,Bank transfer,112.06,7123.63,No
69ae7a3c,Female,0,No,No,51,Yes,No,Month-to-month,Bank transfer,24.69,1229.75,No
9ffc4e25,Female,0,Yes,No,10,No,No,Two year,Credit card,69.1,603.4,No
31dfd169,Female,1,Yes,No,39,Yes,Fiber optic,Month-to-month,Electronic check,94.04,3595.91,Yes
c8c016ce,Female,1,No,Yes,68,Yes,DSL,Month-to-month,Credit card,63.18,4333.35,Yes
3764fc8b,Male,0,Yes,Yes,32,Yes,DSL,One year,Electronic check,36.22,1232.38,Yes
5a2db48a,Female,1,No,No,11,No,Fiber optic,Two year,Electronic check,30.85,261.76,Yes
23e5cf03,Female,0,Yes,No,48,No,No,Month-to-month,Credit card,33.34,1558.23,Yes
03fcd627,Male,0,No,Yes,33,Yes,DSL,Two year,Bank transfer,54.64,1844.62,No
ac6a8a65,Male,0,No,No,43,No,No,One year,Credit card,54.91,2340.61,No
187b9db5,Male,0,No,Yes,9,No,Fiber optic,Month-to-month,Credit card,66.4,604.38,Yes
c20150f0,Female,0,Yes,No,55,No,Fiber optic,One year,Mailed check,113.43,6199.95,Yes
bf1e9b8c,Male,0,Yes,No,15,Yes,Fiber optic,Month-to-month,Credit card,68.52,1045.77,Yes
1e21a259,Female,0,Yes,Yes,8,Yes,No,One year,Mailed check,87.97,803.12,Yes
591058df,Female,1,Yes,No,16,No,DSL,Two year,Electronic check,97.58,1621.61,No
570a553a,Male,1,Yes,No,54,Yes,Fiber optic,Month-to-month,Bank transfer,88.86,4728.54,Yes
9dceb11e,Male,1,No,Yes,67,Yes,Fiber optic,Month-to-month,Mailed check,35.57,2320.91,Yes
126cfd74,Male,0,Yes,Yes,7,No,No,Two year,Bank transfer,84.32,553.02,No
17100a96,Male,1,Yes,Yes,68,Yes,DSL,One year,Credit card,49.75,3433.6,No
55d812e6,Male,0,No,No,60,Yes,Fiber optic,Month-to-month,Mailed check,22.44,1299.4,Yes
c8c1ff06,Female,0,No,Yes,72,No,No,Two year,Mailed check,37.39,2727.62,No
12785159,Female,0,Yes,No,56,No,DSL,One year,Credit card,55.46,3057.21,No
0c0cb276,Male,1,No,Yes,40,Yes,DSL,One year,Mailed check,75.74,2950.95,No
d33167d3,Male,0,Yes,No,17,Yes,DSL,Two year,Mailed check,80.72,1308.09,Yes
7c92ac19,Female,0,No,Yes,32,Yes,No,One year,Bank transfer,76.94,2449.41,No
c77a4534,Male,1,Yes,No,9,No,DSL,Two year,Mailed check,103.13,948.77,No
7be87af5,Male,1,Yes,No,32,Yes,Fiber optic,One year,Electronic check,76.74,2513.18,No
67979573,Female,0,No,Yes,23,No,No,One year,Bank transfer,23.36,622.51,Yes
69ada48d,Female,0,Yes,No,33,Yes,Fiber optic,One year,Mailed check,107.66,3531.24,No
b3e0094c,Male,1,No,No,21,Yes,DSL,Two year,Electronic check,89.0,1965.12,No
67d1479f,Male,1,Yes,Yes,41,Yes,No,Two year,Credit card,35.72,1466.24,No
45ee3890,Male,0,Yes,No,70,No,DSL,Month-to-month,Electronic check,95.06,6597.81,Yes
309e1d75,Male,1,No,No,61,Yes,Fiber optic,One year,Bank transfer,113.18,6980.92,Yes
a3c25c79,Female,0,No,No,31,No,DSL,Two year,Mailed check,48.93,1577.52,No
e1a1cf6c,Female,0,Yes,No,9,Yes,DSL,Two year,Bank transfer,53.42,530.49,No
2497250b,Female,1,No,No,66,No,Fiber optic,One year,Credit card,56.65,3796.42,No
4b089429,Male,1,Yes,No,2,No,No,Month-to-month,Mailed check,24.18,134.08,Yes
25519c27,Male,0,No,Yes,67,No,No,Month-to-month,Mailed check,45.63,2985.14,No
2ec2c2c6,Male,1,No,No,44,No,Fiber optic,Two year,Mailed check,55.31,2517.2,No
947818f8,Female,0,Yes,Yes,6,Yes,Fiber optic,One year,Mailed check,47.3,240.75,Yes
13e0cf4b,Male,0,No,Yes,63,Yes,DSL,Month-to-month,Electronic check,35.53,2256.46,Yes
7991e23d,Female,1,Yes,No,22,No,No,Month-to-month,Bank transfer,80.74,1750.14,No
1f76550b,Female,1,No,Yes,43,Yes,Fiber optic,Two year,Mailed check,39.81,1622.72,No
6c8f419e,Male,1,No,Yes,57,No,Fiber optic,One year,Credit card,70.58,3985.2,No
4bce956f,Female,0,Yes,No,27,No,No,Two year,Bank transfer,71.8,1939.71,No
705ecde7,Male,0,No,No,22,Yes,Fiber optic,One year,Mailed check,77.09,1754.53,No
97c28ca4,Female,1,No,Yes,63,Yes,Fiber optic,Two year,Mailed check,44.5,2892.6,No
efd7185d,Male,0,No,No,31,Yes,Fiber optic,One year,Credit card,45.33,1355.51,Yes
3ef40496,Female,1,Yes,No,70,No,Fiber optic,Two year,Mailed check,24.82,1713.09,No
6735f435,Female,0,No,No,33,Yes,No,Two year,Bank transfer,108.95,3646.13,No
404f8869,Male,0,Yes,Yes,30,No,No,Two year,Mailed check,86.72,2556.21,No
eb69a7f0,Male,1,Yes,Yes,25,Yes,DSL,Month-to-month,Mailed check,46.79,1153.92,No
